brand,view_users,cart_users,purchase_users,purchase_events,revenue,view_to_cart_rate,cart_to_purchase_rate,view_to_purchase_rate
apple,729319,81931,46884,142858,111199495.7,0.11233904505435893,0.5722376145781206,0.06428462716589037
samsung,935464,119305,71858,172878,46402037.35,0.12753564006738902,0.6023050165542098,0.07681535580204049
xiaomi,470832,43364,22624,56609,9192640.24,0.09210079178985285,0.5217230882759893,0.048051109525265916
Unknown,980943,9606,4357,58301,8540682.38,0.009792617919695639,0.4535706849885488,0.004441644417667489
huawei,234061,19014,11334,23499,4883104.73,0.08123523355022835,0.5960870937204166,0.0484232742746549
acer,87586,4744,2353,6880,3575715.69,0.05416390747379718,0.49599494097807756,0.026865024090608088
lg,145762,6973,3389,8725,3387360.91,0.04783825688451036,0.48601749605621686,0.023250229826703803
lucente,145492,0,0,11576,3123438.96,0.0,,0.0
sony,122111,5127,2367,6729,2478196.68,0.041986389432565455,0.46167349327091867,0.019384003079165678
oppo,114818,9091,5671,10887,2412033.98,0.0791774808827884,0.6238037619623804,0.04939121043738787
lenovo,69962,1533,777,4578,1752638.53,0.02191189502872988,0.5068493150684932,0.01110602898716446
indesit,73437,3463,1701,5024,1250060.95,0.04715606574342634,0.4911926075656945,0.023162710895052903
bosch,142152,3867,1802,5705,1248729.09,0.02720327536721256,0.4659943108352728,0.01267657155720637
hp,70618,1530,702,3596,1227215.99,0.021665864227250843,0.4588235294117647,0.009940808292503328
artel,89692,3296,1729,6123,1033967.33,0.03674798198278553,0.5245752427184466,0.019277081568032824
asus,48427,1211,531,1850,970019.39,0.02500671113221963,0.4384805945499587,0.010964957564994734
beko,68382,2978,1384,3959,963517.46,0.04354947208329677,0.46474143720617866,0.020239244245561696
haier,61064,3192,1408,3071,891854.66,0.052273025022926765,0.44110275689223055,0.02305777544870955
dauscher,90864,1052,422,3530,608428.04,0.011577742560309913,0.4011406844106464,0.004644303574572988
canon,19989,624,285,1091,561658.1900000001,0.031217169443193755,0.4567307692307692,0.014257841812997149
cordiant,119818,3500,1650,10551,517641.21,0.02921096997112287,0.4714285714285714,0.013770885843529352
philips,91568,3699,1824,4461,514235.25,0.04039620828236939,0.4931062449310625,0.01991962257557225
vivo,26340,1419,843,2025,495678.60000000003,0.05387243735763098,0.5940803382663847,0.032004555808656035
kivi,23306,953,486,1584,404700.53,0.04089075774478675,0.5099685204616999,0.020852999227666695
navien,4689,116,71,604,382956.86,0.02473875026658136,0.6120689655172413,0.015141821283855833
nokian,55228,2819,1322,4907,372997.64,0.051042949228652136,0.4689606243348705,0.023937133338161803
oneplus,18745,63,29,509,351076.22,0.003360896238997066,0.4603174603174603,0.0015470792211256335
omabelle,46050,0,0,253,347730.87,0.0,,0.0
janome,19390,827,412,1356,333491.44,0.04265085095410005,0.49818621523579204,0.021248066013408975
tefal,60984,2717,1411,3353,329980.6,0.04455266955266955,0.5193227824806772,0.023137216319034502
midea,44908,877,437,2334,324207.73,0.01952881446512871,0.4982896237172178,0.009731005611472344
epson,13990,968,555,1291,302365.79,0.06919228020014295,0.5733471074380165,0.03967119370979271
pulser,14242,0,0,422,297562.53,0.0,,0.0
triangle,61627,347,152,5835,288550.38,0.005630648903889529,0.43804034582132567,0.0024664513930582376
force,64399,90,38,1956,285816.83,0.001397537228838957,0.4222222222222222,0.0005900712743986708
stels,73349,223,117,3043,282585.83,0.003040259580907715,0.5246636771300448,0.0015951137711488908
starline,33711,1789,1030,1954,274563.95,0.053068731274658124,0.5757406372275014,0.0305538251609267
redmond,78074,3181,1592,4002,273112.38,0.04074339728975075,0.5004715498270984,0.020390911186822756
elenberg,91033,4960,2400,6189,259441.52,0.054485735941911174,0.4838709677419355,0.026364065778344117
karcher,32345,933,420,993,254838.31,0.028845262018859175,0.45016077170418006,0.01298500541041892
sv,63513,0,0,996,239938.81,0.0,,0.0
atlant,24865,498,195,932,237760.91999999998,0.020028152020912928,0.39156626506024095,0.007842348682887593
yokohama,35102,1005,420,2735,237257.95,0.028630847245171214,0.417910447761194,0.011965130192011852
hansa,24311,508,205,836,228372.29,0.020895890749043643,0.4035433070866142,0.00843239685738966
casio,48836,51,22,2687,223266.26,0.0010443115734294372,0.43137254901960786,0.0004504873454009337
hubert,6621,301,143,426,219706.36,0.04546141066304184,0.4750830564784053,0.021597945929617883
peda,16685,0,0,149,219342.37,0.0,,0.0
meizu,43201,531,282,1735,214465.65,0.012291382143931854,0.5310734463276836,0.006527626675308442
bts,48847,0,0,757,199313.32,0.0,,0.0
tcl,13491,395,203,731,194837.51,0.029278778444889186,0.5139240506329114,0.015047068415981024
ariston,16573,1136,632,1513,192233.22,0.06854522415977796,0.5563380281690141,0.03813431484945393
pioneer,46724,270,147,1832,190779.77,0.005778614844619468,0.5444444444444444,0.003146134748737266
skad,37063,0,0,851,189851.02,0.0,,0.0
brw,59252,0,0,807,185336.37,0.0,,0.0
msi,10837,34,5,256,176389.77,0.003137399649349451,0.14705882352941177,0.00046138230137491925
lider,20782,0,0,413,167913.5,0.0,,0.0
vitek,75648,2588,1315,4106,167073.05,0.03421108291032149,0.5081143740340031,0.017383142978003384
huter,23495,1308,624,1226,165072.51,0.05567141945094701,0.47706422018348627,0.026558842306873803
nokia,49869,1864,991,2222,164375.76,0.03737793017706391,0.5316523605150214,0.01987206480980168
sokolov,31775,0,0,1131,159264.38,0.0,,0.0
garmin,23539,186,75,309,158300.83,0.007901780024639959,0.4032258064516129,0.0031862016228386934
jbl,42487,1709,826,2439,153714.17,0.04022406853861181,0.48332358104154477,0.019441240850142396
dell,10846,71,22,174,149999.55,0.006546192144569427,0.30985915492957744,0.002028397565922921
honor,26435,509,216,643,144747.27,0.019254775865330056,0.4243614931237721,0.008170985435975033
yasin,16897,15,4,578,144728.16999999998,0.0008877315499792863,0.26666666666666666,0.00023672841332780968
yamaha,12667,0,0,418,142948.13,0.0,,0.0
respect,79814,0,0,1857,139626.74,0.0,,0.0
electrolux,24503,592,288,746,139229.16,0.02416030690119577,0.4864864864864865,0.011753662816797943
braun,32502,1020,534,1433,136549.62,0.03138268414251431,0.5235294117647059,0.01642975816872808
thomas,9221,298,125,407,133672.07,0.03231753605899577,0.41946308724832215,0.01355601344756534
nikon,7471,203,89,273,130934.59,0.0271717306920091,0.43842364532019706,0.011912729219649311
delonghi,16468,362,167,390,130227.25,0.021982025746903083,0.4613259668508287,0.010140879281029877
dji,7817,12,3,139,128926.41,0.0015351157733145709,0.25,0.0003837789433286427
michelin,19388,654,323,1100,126849.36,0.033732205487930676,0.4938837920489297,0.016659789560552918
kenwood,26096,228,106,692,114553.3,0.008736971183323115,0.4649122807017544,0.004061925199264255
panasonic,31293,1109,500,1123,113279.52,0.03543923561179817,0.4508566275924256,0.015978014252388713
arg,17298,1076,546,933,107322.98,0.06220372297375419,0.5074349442379182,0.03156434269857787
polaris,64641,1651,771,2593,105393.54,0.02554106526817345,0.46698970321017563,0.011927414489256044
goodyear,14602,249,107,851,104125.08,0.017052458567319545,0.42971887550200805,0.007327763320093138
bridgestone,16468,402,116,727,102583.34999999999,0.024410978868107846,0.2885572139303483,0.007043964051493806
sho-me,16488,502,280,707,98488.63,0.0304463852498787,0.5577689243027888,0.016982047549733138
rowenta,30758,1551,817,1885,97983.0,0.050425905455491256,0.5267569310122502,0.026562195201248456
matador,27747,1711,666,1711,96796.84,0.061664324071070746,0.3892460549386324,0.024002594875121634
viatti,33921,325,154,2153,96701.8,0.009581085463282332,0.47384615384615386,0.004539960496447629
tissot,8766,0,0,151,95821.24,0.0,,0.0
candy,11903,332,149,352,95666.33,0.027892128034949174,0.44879518072289154,0.012517852642191045
netechnics,8859,0,0,119,94683.83,0.0,,0.0
kipardo,15963,0,0,267,91041.43000000001,0.0,,0.0
rinnai,2543,58,24,104,85349.06,0.022807707432166733,0.41379310344827586,0.009437672040896579
neoline,18600,477,197,509,84460.59,0.02564516129032258,0.4129979035639413,0.010591397849462366
omron,14722,797,380,1421,84169.16,0.05413666621382964,0.4767879548306148,0.02581171036543948
genau,3135,0,0,243,83821.81,0.0,,0.0
rals,10120,0,0,142,79667.04,0.0,,0.0
fly,10728,165,72,301,75670.69,0.015380313199105145,0.43636363636363634,0.006711409395973154
microsoft,8267,162,67,225,75632.73,0.0195959840329019,0.41358024691358025,0.008104511914842143
gigabyte,9318,47,10,314,75269.95999999999,0.005044000858553338,0.2127659574468085,0.0010731916720326251
dewalt,12602,187,74,346,74604.58,0.014838914458022536,0.39572192513368987,0.005872083796222821
gefest,16015,147,54,416,73123.85,0.009178894786137995,0.3673469387755102,0.003371838901030284
belecoo,11167,83,40,596,70372.19,0.007432613951822334,0.4819277108433735,0.003581982627384257
gorenje,21531,126,47,381,69000.62,0.005852027309460777,0.373015873015873,0.0021828990757512424
vegas,11641,0,0,327,65943.24,0.0,,0.0
maxxis,15743,78,24,803,65717.49,0.00495458298926507,0.3076923076923077,0.0015244870736200217
dyson,7665,116,43,131,65506.479999999996,0.015133724722765819,0.3706896551724138,0.005609915198956295
prestigio,22612,658,323,1217,64853.09,0.02909959313638776,0.4908814589665654,0.014284450734123474
alpine,15634,35,16,368,63362.73,0.0022387105027504156,0.45714285714285713,0.0010234105155430473
erlit,5086,0,0,192,62981.49,0.0,,0.0
zeta,24358,910,364,882,62438.89,0.037359389112406605,0.4,0.01494375564496264
gf,4049,3,2,91,61520.08,0.0007409236848604594,0.6666666666666666,0.0004939491232403062
continental,11358,164,59,464,61504.08,0.014439161824264836,0.3597560975609756,0.005194576509948935
palit,5735,138,53,250,60054.98,0.024062772449869225,0.38405797101449274,0.00924149956408021
makita,14066,4,0,233,59775.24,0.00028437366699843596,0.0,0.0
elari,23833,936,398,1029,59527.31,0.03927327654932237,0.4252136752136752,0.016699534259220408
imperial,16231,0,0,130,59066.54,0.0,,0.0
toshiba,8215,102,43,245,58249.82,0.01241631162507608,0.4215686274509804,0.0052343274497869755
moulinex,15245,483,243,536,57857.15,0.03168251885864218,0.5031055900621118,0.01593965234503116
tp-link,14988,537,249,875,57825.81,0.03582866293034428,0.46368715083798884,0.016613290632506005
pirelli,11992,158,77,622,57336.44,0.013175450300200134,0.4873417721518987,0.0064209472981988
nintendo,4969,89,28,216,56646.840000000004,0.017911048500704366,0.3146067415730337,0.005634936606963172
changhong,6922,182,98,255,56453.770000000004,0.026292978907830108,0.5384615384615384,0.014157757873446981
stihl,5184,0,0,219,56085.96,0.0,,0.0
hisense,2472,98,39,91,55251.49,0.03964401294498382,0.3979591836734694,0.015776699029126214
gopro,4482,121,55,133,54850.130000000005,0.026996876394466757,0.45454545454545453,0.012271307452030344
arnica,8105,0,0,277,54507.62,0.0,,0.0
kingston,16141,865,361,1249,54170.26,0.05359023604485472,0.41734104046242776,0.022365404869586766
montale,10949,202,115,616,51825.84,0.01844917344049685,0.5693069306930693,0.010503242305233355
versace,11130,173,90,485,51521.47,0.01554357592093441,0.5202312138728323,0.008086253369272238
bars,9266,0,0,818,51508.8,0.0,,0.0
baden,43346,0,0,776,51460.97,0.0,,0.0
kurzweil,2501,29,6,57,50824.979999999996,0.011595361855257898,0.20689655172413793,0.0023990403838464614
creed,6213,78,41,236,50388.84,0.012554321583775953,0.5256410256410257,0.006599066473523258
giant,4332,6,1,67,50056.12,0.0013850415512465374,0.16666666666666666,0.00023084025854108956
kugoo,3932,23,14,99,49829.22,0.005849440488301119,0.6086956521739131,0.003560528992878942
housefit,7724,6,1,147,49516.31,0.0007767995857068876,0.16666666666666666,0.0001294665976178146
ea,6715,908,422,681,49436.78,0.13521965748324646,0.4647577092511013,0.06284437825763217
aeroforce,23956,36,14,348,48981.03,0.001502755050926699,0.3888888888888889,0.0005844047420270496
daewoo,1206,3,2,70,47972.67,0.0024875621890547263,0.6666666666666666,0.001658374792703151
epr,4822,0,0,118,46011.59,0.0,,0.0
hygge,2485,0,0,72,45051.48,0.0,,0.0
mercury,2709,0,0,25,44140.909999999996,0.0,,0.0
joie,7124,119,73,276,44098.56,0.016704098820887144,0.6134453781512605,0.010247052217855138
kitfort,17676,103,59,443,44077.9,0.005827110205928943,0.5728155339805825,0.0033378592441728897
tunga,22209,53,18,1239,43554.43,0.0023864199198523122,0.33962264150943394,0.0008104822369309739
bernina,2342,29,14,69,43273.25,0.012382578992314262,0.4827586206896552,0.005977796754910333
kiturami,1121,0,0,74,43179.71,0.0,,0.0
kapsen,17793,0,0,804,42804.14,0.0,,0.0
scarlett,42250,795,319,1330,42802.09,0.01881656804733728,0.40125786163522015,0.007550295857988166
pocketbook,5057,210,101,251,42511.05,0.041526596796519676,0.48095238095238096,0.019972315602135655
magnetta,9843,34,11,175,41520.26,0.0034542314335060447,0.3235294117647059,0.0011175454637813674
chicco,17442,158,58,343,41067.55,0.009058594197913083,0.3670886075949367,0.0033253067308794864
phoenix,10965,330,93,234,41023.49,0.030095759233926128,0.2818181818181818,0.008481532147742818
crown,22415,38,10,792,40830.29,0.0016952933303591344,0.2631578947368421,0.00044612982377871963
pt-group,16458,0,0,204,40817.19,0.0,,0.0
smeg,12070,62,20,99,40448.65,0.005136702568351284,0.3225806451612903,0.0016570008285004142
rivertoys,3943,0,0,225,40270.33,0.0,,0.0
orient,8677,0,0,254,39455.61,0.0,,0.0
incanto,9938,179,93,239,38546.090000000004,0.018011672368685852,0.5195530726256983,0.009358019722278125
chayka,6756,314,174,380,36476.22,0.04647720544701007,0.554140127388535,0.02575488454706927
edge,8232,1,0,230,36215.98,0.00012147716229348882,0.0,0.0
imperia,5260,0,0,37,36181.93,0.0,,0.0
pandora,10457,50,25,179,35263.43,0.0047814860858754905,0.5,0.0023907430429377452
asel,7491,0,0,608,34985.119999999995,0.0,,0.0
shivaki,10707,84,35,233,34887.53,0.007845334827682824,0.4166666666666667,0.00326888951153451
transcend,10020,667,275,776,34657.4,0.06656686626746507,0.4122938530734633,0.027445109780439122
chanel,7573,0,0,207,33731.52,0.0,,0.0
riga,1653,0,0,97,33504.63,0.0,,0.0
jaguar,6662,145,59,238,33135.97,0.021765235664965476,0.4068965517241379,0.008856199339537676
jvc,20125,1,0,525,33126.81,4.968944099378882e-05,0.0,0.0
nexpero,27634,0,0,449,32799.17,0.0,,0.0
sava,5220,3,1,292,32135.45,0.0005747126436781609,0.3333333333333333,0.00019157088122605365
toyo,7669,29,16,353,31918.35,0.003781457817186074,0.5517241379310345,0.002086321554309558
dior,7948,45,27,251,31854.48,0.005661801711122295,0.6,0.0033970810266733768
babyzen,2035,0,0,58,31802.78,0.0,,0.0
ibox,15678,177,87,401,31727.26,0.011289705319556066,0.4915254237288136,0.005549177190968236
armani,5101,0,0,126,31320.460000000003,0.0,,0.0
luminarc,21871,275,127,532,30990.38,0.012573727767363175,0.4618181818181818,0.005806776096200448
wingoffly,6947,105,57,267,30942.73,0.015114437886857636,0.5428571428571428,0.008204980567151288
nexen,10730,53,21,455,30045.53,0.004939422180801492,0.39622641509433965,0.00195712954333644
nike,49069,0,0,291,29802.23,0.0,,0.0
remington,12516,529,281,555,29787.399999999998,0.042265899648449984,0.5311909262759924,0.02245126238414829
smart,3436,11,1,49,29783.929999999997,0.0032013969732246797,0.09090909090909091,0.0002910360884749709
almacom,9314,37,18,255,29728.25,0.003972514494309642,0.4864864864864865,0.001932574618853339
denzel,5936,0,0,100,29650.31,0.0,,0.0
thermex,4253,159,76,276,29197.38,0.037385375029391016,0.4779874213836478,0.01786973900775923
alteco,17811,135,51,582,29158.57,0.007579585649317837,0.37777777777777777,0.0028633990230756273
rieker,25807,0,0,321,28754.88,0.0,,0.0
fender,5692,71,24,119,28289.57,0.012473647224174279,0.3380281690140845,0.004216444132115249
tigar,10073,82,30,379,27782.46,0.008140573811178397,0.36585365853658536,0.002978258711406731
unilux,1862,0,0,53,27764.37,0.0,,0.0
huion,1721,62,24,83,27762.800000000003,0.03602556653108658,0.3870967741935484,0.013945380592678676
microlab,7304,242,128,474,27563.92,0.03313253012048193,0.5289256198347108,0.017524644030668127
alesis,5349,0,0,115,27375.23,0.0,,0.0
askona,7489,0,0,155,27294.37,0.0,,0.0
intel,8066,34,11,116,27284.69,0.0042152243987106375,0.3235294117647059,0.0013637490701710886
kicx,11673,0,0,457,27017.61,0.0,,0.0
lanvin,8831,100,52,631,26783.69,0.011323745895142113,0.52,0.005888347865473899
oasis,12148,395,185,749,26679.35,0.03251564043463945,0.46835443037974683,0.015228844254198222
audison,2467,0,0,33,26636.65,0.0,,0.0
hotpoint-ariston,4952,36,17,94,26554.34,0.007269789983844911,0.4722222222222222,0.003432956381260097
racer,7180,0,0,106,26430.71,0.0,,0.0
rondell,23155,476,169,515,26341.19,0.020557115093932196,0.3550420168067227,0.0072986396026776075
roadx,11553,44,13,568,26117.76,0.003808534579762832,0.29545454545454547,0.0011252488531117459
tyrex,819,0,0,103,25557.56,0.0,,0.0
cortland,6411,287,108,249,25356.45,0.044766807050382156,0.37630662020905925,0.016846045858680395
hankook,9130,0,0,287,25197.1,0.0,,0.0
dxracer,6056,76,25,84,25086.969999999998,0.012549537648612946,0.32894736842105265,0.004128137384412154
carfashion,14644,0,0,349,25067.43,0.0,,0.0
axis,6195,0,0,189,25052.28,0.0,,0.0
efremov,8682,0,0,168,24968.41,0.0,,0.0
maomaoku,3600,3,1,73,24751.66,0.0008333333333333334,0.3333333333333333,0.0002777777777777778
pride,9054,0,0,203,24674.28,0.0,,0.0
lorelli,11020,71,33,322,24664.41,0.006442831215970962,0.4647887323943662,0.0029945553539019966
babyliss,11492,362,164,388,24603.9,0.031500174034110685,0.4530386740331492,0.01427079707622694
varta,4558,1,0,206,24364.26,0.00021939447125932427,0.0,0.0
cybex,3904,13,8,70,24349.52,0.003329918032786885,0.6153846153846154,0.0020491803278688526
marshall,5208,95,41,225,24248.16,0.01824116743471582,0.43157894736842106,0.007872503840245775
sven,14848,269,112,584,23921.6,0.018116918103448277,0.4163568773234201,0.007543103448275862
fubag,3509,0,0,60,23513.62,0.0,,0.0
horizont,7592,88,33,174,23269.53,0.011591148577449948,0.375,0.00434668071654373
granhel,7981,0,0,209,23187.68,0.0,,0.0
buderus,877,35,14,30,23159.53,0.039908779931584946,0.4,0.01596351197263398
bq,18997,265,114,500,22976.38,0.013949570984892351,0.43018867924528303,0.0060009475180291625
adamex,1891,1,1,55,22883.39,0.0005288207297726071,1.0,0.0005288207297726071
gislaved,5033,171,76,258,22875.36,0.03397575998410491,0.4444444444444444,0.015100337770713292
uno,1497,25,8,35,22563.86,0.016700066800267203,0.32,0.005344021376085505
reebok,13162,0,0,195,22544.93,0.0,,0.0
eurolux,6678,284,124,279,22265.42,0.042527702905061394,0.43661971830985913,0.018568433662773286
ostamebel,2976,0,0,28,21971.719999999998,0.0,,0.0
hertz,7921,0,0,171,21883.28,0.0,,0.0
salamander,19465,0,0,253,21305.03,0.0,,0.0
powertrac,10243,45,13,499,21277.28,0.004393244166748023,0.28888888888888886,0.001269159425949429
garrett,2676,0,0,69,21204.54,0.0,,0.0
harper,16576,89,44,419,21137.14,0.005369208494208494,0.4943820224719101,0.0026544401544401543
saturn,19767,265,105,545,21069.170000000002,0.013406182020539283,0.39622641509433965,0.005311883442100471
flama,6557,102,37,151,21022.62,0.015555894463931677,0.3627450980392157,0.005642824462406588
partner,6678,0,0,183,20842.26,0.0,,0.0
polini,8257,29,15,135,20776.89,0.0035121714908562434,0.5172413793103449,0.0018166404263049534
asrock,4120,35,13,124,20665.329999999998,0.00849514563106796,0.37142857142857144,0.0031553398058252425
leadbros,2090,0,0,94,20626.79,0.0,,0.0
alphard,6580,0,0,202,20561.05,0.0,,0.0
firestone,904,1,0,60,20354.81,0.0011061946902654867,0.0,0.0
king,5247,136,65,153,20346.239999999998,0.02591957308938441,0.47794117647058826,0.012388031255955785
cantra,23842,0,0,248,20308.95,0.0,,0.0
nika,9835,16,8,510,20115.19,0.001626842907981698,0.5,0.000813421453990849
rial,5295,0,0,59,20069.739999999998,0.0,,0.0
peg-perego,1851,36,26,94,20065.95,0.019448946515397084,0.7222222222222222,0.014046461372231226
blaupunkt,2792,150,57,72,19944.19,0.053724928366762174,0.38,0.02041547277936963
hyperx,6213,176,83,265,19569.43,0.028327699983904716,0.4715909090909091,0.013359085787864156
dunlop,6005,8,4,209,19383.68,0.0013322231473771858,0.5,0.0006661115736885929
aerocool,6956,88,43,281,19371.54,0.012650948821161587,0.48863636363636365,0.006181713628522139
atlantic,4763,0,0,106,19315.29,0.0,,0.0
nitro,3999,0,0,70,19308.38,0.0,,0.0
avalon,4227,16,5,44,19041.55,0.003785190442394133,0.3125,0.0011828720132481666
brother,3504,94,46,140,19038.620000000003,0.02682648401826484,0.48936170212765956,0.013127853881278538
bfgoodrich,6690,94,41,169,18959.45,0.014050822122571001,0.43617021276595747,0.006128550074738416
maxwell,25602,417,176,625,18910.54,0.016287790016404968,0.42206235011990406,0.006874462932583392
diamant,4181,0,0,139,18898.5,0.0,,0.0
trebl,12290,0,0,268,18806.07,0.0,,0.0
teploross,2140,57,25,71,18591.28,0.02663551401869159,0.43859649122807015,0.011682242990654205
roland,2198,0,0,19,18495.63,0.0,,0.0
bork,2054,0,0,41,18363.73,0.0,,0.0
karya,11837,0,0,332,18049.6,0.0,,0.0
pozis,4244,60,27,61,17776.29,0.01413760603204524,0.45,0.006361922714420358
darina,5207,130,51,121,17721.95,0.024966391396197427,0.3923076923076923,0.009794507393892836
akom,3082,0,0,240,17632.25,0.0,,0.0
genesis,4036,25,8,335,17174.16,0.0061942517343904855,0.32,0.0019821605550049554
adil,4442,32,13,150,17019.22,0.007203962179198559,0.40625,0.002926609635299415
cover,5780,0,0,58,16708.670000000002,0.0,,0.0
anex,1477,5,2,26,16697.42,0.003385240352064997,0.4,0.0013540961408259986
amd,4163,18,5,96,16682.5,0.004323804948354552,0.2777777777777778,0.0012010569300984868
strobbs,21070,0,0,336,16524.79,0.0,,0.0
ballu,7573,43,17,359,16392.48,0.005678066816321141,0.3953488372093023,0.002244817113429288
google,6587,0,0,27,16272.949999999999,0.0,,0.0
whirlpool,3148,16,3,31,16258.69,0.005082592121982211,0.1875,0.0009529860228716646
fitlux,1588,0,0,14,16098.25,0.0,,0.0
rimax,2192,0,0,56,16075.189999999997,0.0,,0.0
ergo,3001,31,12,56,16057.769999999999,0.010329890036654448,0.3870967741935484,0.003998667110963012
aimoto,6035,159,84,295,15860.45,0.026346313173156586,0.5283018867924528,0.013918806959403479
pituso,4353,36,23,169,15676.240000000002,0.008270158511371467,0.6388888888888888,0.005283712382265104
stendmebel,7690,0,0,90,15569.97,0.0,,0.0
element,1945,0,0,121,15566.45,0.0,,0.0
galaxy,25790,44,24,594,15531.83,0.0017060876308646763,0.5454545454545454,0.0009305932531989143
canyon,14171,292,130,346,15075.789999999999,0.020605461858725565,0.4452054794520548,0.009173664526144943
irobot,2585,0,0,27,15048.79,0.0,,0.0
comforser,8305,0,0,260,14880.67,0.0,,0.0
apacer,5936,2,0,395,14860.52,0.00033692722371967657,0.0,0.0
evga,222,0,0,11,14746.59,0.0,,0.0
olympus,521,0,0,19,14720.88,0.0,,0.0
alkor,1474,0,0,30,14273.96,0.0,,0.0
umi,1940,41,16,27,14244.5,0.021134020618556702,0.3902439024390244,0.008247422680412371
t-max,3859,0,0,25,14204.66,0.0,,0.0
vestel,1431,0,0,40,14057.630000000001,0.0,,0.0
hifly,5901,0,0,223,13862.05,0.0,,0.0
texet,12332,372,159,554,13819.199999999999,0.030165423289004217,0.4274193548387097,0.01289328576062277
voltman,2368,0,0,170,13817.77,0.0,,0.0
roadstone,6285,0,0,207,13720.94,0.0,,0.0
swisshome,5153,0,0,117,13639.29,0.0,,0.0
zte,5057,136,60,173,13623.87,0.026893415068222265,0.4411764705882353,0.011864741941862765
m-audio,2246,0,0,102,13611.159999999998,0.0,,0.0
festool,795,0,0,14,13468.470000000001,0.0,,0.0
perilla,6718,408,217,422,13392.91,0.06073236082167312,0.5318627450980392,0.03230128014289967
wonlex,10448,148,62,402,13374.01,0.014165390505359877,0.4189189189189189,0.0059341500765696786
kristal,1583,7,0,50,13292.01,0.004421983575489577,0.0,0.0
sapphire,883,0,0,49,13126.68,0.0,,0.0
wacom,1927,66,30,92,13045.51,0.034250129735339904,0.45454545454545453,0.015568240788790867
navitel,7403,126,51,131,13005.59,0.017020126975550453,0.40476190476190477,0.006889099013913279
lego,12715,92,36,237,12939.76,0.007235548564687377,0.391304347826087,0.002831301612268974
fassen,18299,0,0,282,12936.22,0.0,,0.0
timberk,6078,15,9,279,12841.34,0.0024679170779861796,0.6,0.0014807502467917078
radaway,3546,39,6,19,12734.94,0.010998307952622674,0.15384615384615385,0.001692047377326565
xp-pen,931,12,5,49,12589.259999999998,0.01288936627282492,0.4166666666666667,0.0053705692803437165
etor,9132,0,0,116,12553.81,0.0,,0.0
lux,11961,0,0,105,12521.83,0.0,,0.0
longines,3051,0,0,7,12417.300000000001,0.0,,0.0
alis,4722,45,14,136,12409.560000000001,0.009529860228716646,0.3111111111111111,0.002964845404489623
kawai,307,0,0,10,12339.57,0.0,,0.0
electro-voice,1406,0,0,8,12292.98,0.0,,0.0
imx,2720,0,0,49,12239.16,0.0,,0.0
moschino,3486,51,29,239,11751.529999999999,0.014629948364888123,0.5686274509803921,0.00831899024670109
babytime,5009,48,21,191,11497.95,0.009582751048113396,0.4375,0.004192453583549611
orium,209,0,0,37,11487.05,0.0,,0.0
greyder,13975,0,0,115,11337.37,0.0,,0.0
aoc,2061,33,12,43,11225.8,0.01601164483260553,0.36363636363636365,0.005822416302765648
neo,3750,0,0,31,11157.68,0.0,,0.0
aeolus,697,0,0,70,11150.86,0.0,,0.0
mystery,3781,0,0,90,11078.460000000001,0.0,,0.0
bose,2426,12,5,25,11052.86,0.00494641384995878,0.4166666666666667,0.002061005770816158
joyor,328,0,0,17,11025.51,0.0,,0.0
gree,1224,27,6,34,10875.01,0.022058823529411766,0.2222222222222222,0.004901960784313725
logitech,5570,156,62,190,10822.5,0.02800718132854578,0.3974358974358974,0.011131059245960502
inoi,8764,150,64,240,10800.81,0.01711547238703788,0.4266666666666667,0.00730260155180283
senci,610,0,0,6,10777.3,0.0,,0.0
cort,2003,1,0,59,10752.47,0.0004992511233150275,0.0,0.0
bestoy,3094,0,0,175,10743.83,0.0,,0.0
swat,6628,0,0,148,10731.75,0.0,,0.0
bosher,2017,0,0,52,10714.69,0.0,,0.0
gucci,3412,4,1,137,10708.24,0.0011723329425556857,0.25,0.00029308323563892143
doogee,6791,59,26,89,10635.26,0.008687969371226623,0.4406779661016949,0.00382859667206597
kartal,5345,0,0,46,10632.71,0.0,,0.0
moldabela,4752,0,0,68,10630.4,0.0,,0.0
sonel,3667,0,0,108,10586.08,0.0,,0.0
dwt,6389,40,23,152,10526.39,0.006260760682422915,0.575,0.0035999373923931758
laurastar,454,0,0,10,10450.44,0.0,,0.0
fujifilm,3349,0,0,76,10446.68,0.0,,0.0
rado,2428,0,0,5,10347.75,0.0,,0.0
goodride,6423,3,2,204,10290.77,0.00046707146193367583,0.6666666666666666,0.00031138097462245055
rooman,9856,0,0,188,10247.35,0.0,,0.0
dayun,1411,0,0,8,10234.48,0.0,,0.0
thule,6606,48,17,42,10171.64,0.007266121707538601,0.3541666666666667,0.0025734181047532547
haro,1158,0,0,29,10007.710000000001,0.0,,0.0
hyundai,5570,30,17,117,9968.83,0.005385996409335727,0.5666666666666667,0.003052064631956912
bulgari,2451,8,4,139,9941.13,0.0032639738882088943,0.5,0.0016319869441044472
mart,6547,141,51,134,9939.03,0.021536581640446004,0.3617021276595745,0.007789827401863449
tecno,2592,0,0,95,9872.970000000001,0.0,,0.0
ams,1425,0,0,41,9817.5,0.0,,0.0
razer,2919,30,14,100,9793.869999999999,0.010277492291880781,0.4666666666666667,0.004796163069544364
sportop,395,0,0,8,9781.44,0.0,,0.0
rebus,3667,7,2,54,9775.67,0.0019089173711480775,0.2857142857142857,0.000545404963185165
plantronics,5779,243,107,241,9724.51,0.04204879736978716,0.4403292181069959,0.018515314068177885
laston,5813,0,0,74,9446.13,0.0,,0.0
tomahawk,5695,0,0,93,9383.8,0.0,,0.0
playme,4674,59,22,61,9379.05,0.012623020967051776,0.3728813559322034,0.004706889174154899
adidas,13700,0,0,149,9305.58,0.0,,0.0
kettler,840,0,0,11,9260.960000000001,0.0,,0.0
mercedes,1056,0,0,40,9257.67,0.0,,0.0
volta,2675,20,8,197,9236.6,0.007476635514018692,0.4,0.0029906542056074765
domini,5497,0,0,79,9212.83,0.0,,0.0
stagg,2692,0,0,80,9185.5,0.0,,0.0
sailun,3307,0,0,121,9085.73,0.0,,0.0
burgerschuhe,10356,0,0,90,9072.74,0.0,,0.0
kormoran,4355,16,7,143,8912.26,0.0036739380022962113,0.4375,0.0016073478760045925
xerox,2070,1,0,66,8896.78,0.0004830917874396135,0.0,0.0
beats,2449,29,10,38,8655.41,0.011841567986933442,0.3448275862068966,0.004083299305839118
wagner,821,0,0,23,8643.49,0.0,,0.0
fossil,2959,0,0,49,8613.76,0.0,,0.0
irbis,9574,26,11,102,8514.88,0.0027156883225402132,0.4230769230769231,0.001148945059536244
shure,1849,0,0,34,8456.0,0.0,,0.0
bertoni,4129,16,10,126,8436.36,0.003875030273674013,0.625,0.002421893921046258
nakamichi,4279,13,7,109,8417.49,0.0030380930123860717,0.5384615384615384,0.001635896237438654
toway,317,0,0,32,8385.28,0.0,,0.0
cenmax,4342,112,51,120,8347.0,0.025794564716720404,0.45535714285714285,0.01174573929064947
matrix,14545,4,1,149,8334.43,0.0002750085940185631,0.25,6.875214850464078e-05
klima,1464,33,14,69,8311.96,0.022540983606557378,0.42424242424242425,0.009562841530054645
habilead,4912,0,0,145,8304.83,0.0,,0.0
avatar,2795,0,0,91,8293.619999999999,0.0,,0.0
alcasta,3191,0,0,37,8244.21,0.0,,0.0
artmusical,6836,0,0,59,8213.68,0.0,,0.0
total,9571,269,85,218,8050.83,0.028105736077734825,0.3159851301115242,0.008880994671403197
hitachi,2621,7,4,15,7990.56,0.002670736360167875,0.5714285714285714,0.0015261350629530714
seagate,2760,40,22,110,7813.11,0.014492753623188406,0.55,0.007971014492753623
givenchy,3171,8,5,83,7808.22,0.002522863450015768,0.625,0.001576789656259855
korg,673,2,0,8,7787.32,0.0029717682020802376,0.0,0.0
torrent,4969,56,11,82,7777.95,0.011269873213926343,0.19642857142857142,0.0022137250955926746
jordan,14528,0,0,52,7714.900000000001,0.0,,0.0
roingto,223,0,0,31,7654.740000000001,0.0,,0.0
dsland,689,0,0,13,7584.21,0.0,,0.0
rant,3511,68,26,89,7578.47,0.01936770150954144,0.38235294117647056,0.00740529763600114
takamine,824,1,0,6,7563.99,0.0012135922330097086,0.0,0.0
ecocool,1780,45,23,74,7558.4800000000005,0.025280898876404494,0.5111111111111111,0.012921348314606741
boccia,3663,0,0,63,7552.89,0.0,,0.0
domyos,1074,64,30,45,7537.33,0.0595903165735568,0.46875,0.027932960893854747
kitchenaid,3809,6,1,11,7454.87,0.0015752165922814387,0.16666666666666666,0.00026253609871357313
infinity,2771,0,0,72,7443.92,0.0,,0.0
redbo,1384,0,0,17,7409.36,0.0,,0.0
vega,20178,0,0,292,7405.35,0.0,,0.0
stanley,11624,48,18,158,7300.62,0.0041293874741913286,0.375,0.0015485203028217482
ersport,1926,0,0,63,7247.94,0.0,,0.0
centurion,3249,17,10,81,7231.8099999999995,0.0052323791935980305,0.5882352941176471,0.0030778701138811943
p.i.t.,4427,0,0,91,7220.61,0.0,,0.0
eltreco,1351,0,0,11,7220.29,0.0,,0.0
gigawatt,1845,51,18,81,7185.79,0.027642276422764227,0.35294117647058826,0.00975609756097561
tech-line,1413,0,0,27,7176.59,0.0,,0.0
edox,555,0,0,9,7157.46,0.0,,0.0
willmark,8130,52,18,339,7143.04,0.0063960639606396065,0.34615384615384615,0.002214022140221402
puma,10718,0,0,75,7142.37,0.0,,0.0
helvetia,2022,0,0,6,7132.080000000001,0.0,,0.0
marcomen,6896,0,0,85,7091.79,0.0,,0.0
fila,7690,0,0,67,7030.45,0.0,,0.0
tomfarr,9838,0,0,45,7022.55,0.0,,0.0
llorens,5407,76,19,160,6984.98,0.014055853523210654,0.25,0.0035139633808026634
steelseries,2517,54,24,99,6871.51,0.021454112038140644,0.4444444444444444,0.009535160905840286
romanson,2621,0,0,53,6868.75,0.0,,0.0
fisher,1446,0,0,24,6860.67,0.0,,0.0
medeli,666,0,0,14,6836.72,0.0,,0.0
tacx,763,5,5,22,6815.64,0.00655307994757536,1.0,0.00655307994757536
renova,1426,0,0,84,6771.43,0.0,,0.0
zlatek,3993,112,38,135,6763.42,0.02804908590032557,0.3392857142857143,0.009516654144753318
rush,1762,0,0,39,6754.09,0.0,,0.0
edufun,4181,82,32,60,6739.650000000001,0.01961253288686917,0.3902439024390244,0.00765367137048553
erkaplan,2537,0,0,26,6712.43,0.0,,0.0
squier,1176,1,0,27,6685.63,0.0008503401360544217,0.0,0.0
toyota,3922,6,4,64,6627.849999999999,0.0015298317185109638,0.6666666666666666,0.0010198878123406426
nitto,2267,4,2,84,6585.86,0.00176444640494045,0.5,0.000882223202470225
shimano,3175,0,0,39,6559.179999999999,0.0,,0.0
alutec,1698,0,0,10,6550.55,0.0,,0.0
selby,3182,99,41,160,6523.62,0.031112507856693904,0.41414141414141414,0.012884978001257071
lacoste,2686,60,32,122,6497.59,0.022338049143708117,0.5333333333333333,0.011913626209977662
carver,2097,0,0,37,6461.2300000000005,0.0,,0.0
xgimi,346,11,5,7,6428.41,0.031791907514450865,0.45454545454545453,0.014450867052023121
bestway,8615,21,7,113,6406.22,0.0024376088218224026,0.3333333333333333,0.0008125362739408009
greta,2408,15,10,41,6353.12,0.006229235880398671,0.6666666666666666,0.004152823920265781
aqua,4640,180,86,187,6336.63,0.03879310344827586,0.4777777777777778,0.01853448275862069
x-game,8999,105,36,211,6318.45,0.01166796310701189,0.34285714285714286,0.004000444493832648
turbo,3931,107,54,105,6285.8099999999995,0.027219537013482575,0.5046728971962616,0.013736962604935132
defender,12561,159,62,559,6284.41,0.012658227848101266,0.389937106918239,0.004935912745800493
farroad,3358,3,2,101,6273.01,0.0008933889219773674,0.6666666666666666,0.0005955926146515784
winca,2078,0,0,16,6262.7,0.0,,0.0
ritmix,23849,150,49,365,6262.28,0.0062895718898067,0.32666666666666666,0.002054593484003522
olmio,5118,3,1,153,6260.9400000000005,0.0005861664712778429,0.3333333333333333,0.00019538882375928098
longway,1491,0,0,64,6209.54,0.0,,0.0
peterhof,2005,0,0,91,6201.89,0.0,,0.0
trust,6450,74,22,120,6199.02,0.011472868217054264,0.2972972972972973,0.0034108527131782944
peavey,1877,0,0,14,6191.13,0.0,,0.0
kukmara,4819,105,60,163,6180.7699999999995,0.021788752853289062,0.5714285714285714,0.01245071591616518
triton,2131,0,0,23,6163.4,0.0,,0.0
komfort-s,4931,0,0,30,6157.2300000000005,0.0,,0.0
tutis,978,0,0,16,6134.06,0.0,,0.0
jade,2467,0,0,16,6109.89,0.0,,0.0
cube,989,2,1,9,6082.8,0.0020222446916076846,0.5,0.0010111223458038423
roncato,3405,0,0,29,6064.24,0.0,,0.0
shua,695,0,0,3,6016.0599999999995,0.0,,0.0
kingsong,490,0,0,3,5976.99,0.0,,0.0
onlitop,4721,0,0,38,5924.1,0.0,,0.0
guerlain,1455,0,0,60,5877.72,0.0,,0.0
berghoff,7056,101,36,73,5866.37,0.0143140589569161,0.3564356435643564,0.00510204081632653
pdw,910,0,0,15,5819.96,0.0,,0.0
lorelli-bertoni,2367,8,2,80,5802.0,0.0033798056611744824,0.25,0.0008449514152936206
petek,3949,0,0,83,5767.36,0.0,,0.0
domani-spa,1301,0,0,29,5761.099999999999,0.0,,0.0
diesel,1510,0,0,22,5708.27,0.0,,0.0
casper,3054,0,0,51,5601.66,0.0,,0.0
inspector,1377,15,6,28,5568.41,0.010893246187363835,0.4,0.004357298474945534
oursson,1957,0,0,53,5548.72,0.0,,0.0
romana,2303,0,0,33,5482.25,0.0,,0.0
cannondale,569,0,0,4,5481.72,0.0,,0.0
remain,1592,0,0,24,5481.71,0.0,,0.0
gamemax,1368,19,8,33,5475.05,0.013888888888888888,0.42105263157894735,0.005847953216374269
otan,1312,0,0,9,5469.88,0.0,,0.0
trinx,1251,0,0,29,5459.63,0.0,,0.0
bambola,3694,17,11,115,5455.97,0.0046020573903627505,0.6470588235294118,0.002977801840822956
powercolor,1048,0,0,26,5413.19,0.0,,0.0
ovation,2615,0,0,82,5411.56,0.0,,0.0
nasomatto,983,0,0,29,5406.17,0.0,,0.0
krups,496,8,4,10,5397.53,0.016129032258064516,0.5,0.008064516129032258
gainward,617,0,0,11,5390.7699999999995,0.0,,0.0
htc,2561,27,10,45,5386.96,0.010542756735650137,0.37037037037037035,0.003904724716907458
tamaris,5353,0,0,73,5367.6,0.0,,0.0
huggies,4664,0,0,400,5269.86,0.0,,0.0
anytek,4248,0,0,62,5194.68,0.0,,0.0
jura,2015,4,1,4,5191.68,0.0019851116625310174,0.25,0.0004962779156327543
mutant,2893,0,0,123,5120.54,0.0,,0.0
galanz,1621,0,0,75,5107.45,0.0,,0.0
hoover,1934,62,33,52,5066.63,0.03205791106514995,0.532258064516129,0.017063081695966906
schecter,120,0,0,12,5043.28,0.0,,0.0
bauer,1776,0,0,71,4982.16,0.0,,0.0
seiko,1393,0,0,7,4903.85,0.0,,0.0
geil,3250,25,6,118,4875.65,0.007692307692307693,0.24,0.0018461538461538461
kaiser,1117,0,0,21,4847.83,0.0,,0.0
garanterm,905,8,0,51,4820.48,0.008839779005524863,0.0,0.0
maxtrek,3688,0,0,70,4796.55,0.0,,0.0
erdenet,1045,0,0,19,4792.9400000000005,0.0,,0.0
danke,725,0,0,13,4786.2,0.0,,0.0
riviera,834,0,0,10,4782.81,0.0,,0.0
xing,1294,0,0,26,4757.58,0.0,,0.0
mirage,1970,6,3,78,4744.99,0.003045685279187817,0.5,0.0015228426395939086
montblanc,1716,1,0,98,4737.68,0.0005827505827505828,0.0,0.0
jkexer,482,0,0,5,4701.12,0.0,,0.0
samson,525,0,0,5,4697.7,0.0,,0.0
riko,426,0,0,14,4663.84,0.0,,0.0
maunfeld,1735,0,0,37,4651.3,0.0,,0.0
qiangchi,657,0,0,32,4624.56,0.0,,0.0
elikor,1683,1,1,53,4616.75,0.0005941770647653001,1.0,0.0005941770647653001
liebherr,293,0,0,4,4614.26,0.0,,0.0
svc,2483,53,21,109,4561.63,0.02134514699959726,0.39622641509433965,0.008457511075312122
manfrotto,866,14,10,26,4533.38,0.016166281755196306,0.7142857142857143,0.011547344110854504
aero,1937,0,0,16,4525.21,0.0,,0.0
escan,7456,0,0,95,4445.5199999999995,0.0,,0.0
divalux,631,0,0,6,4375.9,0.0,,0.0
deta,770,0,0,33,4350.83,0.0,,0.0
kolibri,1772,0,0,10,4324.19,0.0,,0.0
jet,5012,157,57,135,4320.95,0.03132482043096568,0.3630573248407643,0.01137270550678372
jetpik,1230,22,10,26,4303.04,0.01788617886178862,0.45454545454545453,0.008130081300813009
kolner,9933,2,1,114,4283.0,0.00020134903855834087,0.5,0.00010067451927917044
pedrollo,1009,0,0,5,4257.3099999999995,0.0,,0.0
turboair,2895,106,42,88,4249.22,0.036614853195164075,0.39622641509433965,0.014507772020725389
fli,993,0,0,30,4247.099999999999,0.0,,0.0
merelani,9502,0,0,50,4246.7300000000005,0.0,,0.0
minelab,446,0,0,4,4195.73,0.0,,0.0
akai,1019,0,0,36,4184.71,0.0,,0.0
nuna,594,5,3,18,4146.31,0.008417508417508417,0.6,0.005050505050505051
caramelia,7382,75,27,121,4141.49,0.010159848279599025,0.36,0.003657545380655649
startul,7054,0,0,60,4132.349999999999,0.0,,0.0
acme,6998,5,1,84,4111.93,0.0007144898542440697,0.2,0.00014289797084881395
lemark,1130,3,2,27,4097.63,0.002654867256637168,0.6666666666666666,0.0017699115044247787
elna,887,14,8,14,4097.3,0.015783540022547914,0.5714285714285714,0.009019165727170236
thrustmaster,1066,6,3,12,4054.81,0.005628517823639775,0.5,0.0028142589118198874
bugaboo,260,0,0,6,4048.68,0.0,,0.0
shagovita,7358,0,0,68,4040.27,0.0,,0.0
noktamakro,416,0,0,12,4022.24,0.0,,0.0
sjcam,2148,46,12,36,4021.3500000000004,0.021415270018621976,0.2608695652173913,0.00558659217877095
shogun,400,0,0,6,4015.56,0.0,,0.0
viewsonic,761,11,4,10,4002.42,0.01445466491458607,0.36363636363636365,0.005256241787122208
deepcool,3608,37,15,155,3990.86,0.0102549889135255,0.40540540540540543,0.0041574279379157425
ray-ban,1085,0,0,19,3964.9,0.0,,0.0
author,706,4,3,16,3959.95,0.0056657223796034,0.75,0.00424929178470255
thermaltake,2972,13,3,52,3958.9,0.004374158815612382,0.23076923076923078,0.001009421265141319
intego,2514,0,0,28,3929.73,0.0,,0.0
bsn,1548,0,0,82,3910.23,0.0,,0.0
moon,639,0,0,8,3907.43,0.0,,0.0
keter,1055,7,5,28,3904.98,0.006635071090047393,0.7142857142857143,0.004739336492890996
jinga,4560,133,44,127,3895.28,0.029166666666666667,0.3308270676691729,0.009649122807017544
aeg,2292,3,1,88,3891.7699999999995,0.0013089005235602095,0.3333333333333333,0.0004363001745200698
optoma,528,5,0,7,3875.6000000000004,0.00946969696969697,0.0,0.0
ilife,1026,0,0,15,3871.81,0.0,,0.0
adata,1819,61,21,76,3870.63,0.033534909290819134,0.3442622950819672,0.01154480483782298
gamma,1765,0,0,85,3851.55,0.0,,0.0
jonnesway,4229,0,0,14,3850.8,0.0,,0.0
asics,8302,0,0,54,3818.8199999999997,0.0,,0.0
flight,2205,0,0,57,3767.48,0.0,,0.0
boneco,867,0,0,21,3749.9,0.0,,0.0
amazon,2014,0,0,25,3713.35,0.0,,0.0
nz,971,0,0,17,3695.82,0.0,,0.0
fenix,1291,0,0,21,3685.54,0.0,,0.0
redford,1211,0,0,19,3674.95,0.0,,0.0
kenzo,1728,0,0,57,3671.61,0.0,,0.0
zeppelin,1236,0,0,34,3656.19,0.0,,0.0
crucial,1919,4,0,63,3621.25,0.0020844189682126106,0.0,0.0
blackvue,980,5,2,9,3600.81,0.00510204081632653,0.4,0.0020408163265306124
hoco,7477,195,75,204,3587.62,0.026079978601043198,0.38461538461538464,0.01003076100040123
byintek,1352,3,0,24,3584.13,0.0022189349112426036,0.0,0.0
sunwide,1358,2,0,62,3549.08,0.0014727540500736377,0.0,0.0
usams,4744,1,0,73,3532.79,0.00021079258010118043,0.0,0.0
yamato,1250,0,0,13,3508.0099999999998,0.0,,0.0
akpo,819,0,0,26,3505.98,0.0,,0.0
comfee,570,23,13,32,3492.34,0.04035087719298246,0.5652173913043478,0.02280701754385965
becker,152,0,0,4,3487.86,0.0,,0.0
admira,880,27,11,21,3451.86,0.03068181818181818,0.4074074074074074,0.0125
decoroom,3024,25,7,128,3424.73,0.008267195767195767,0.28,0.0023148148148148147
gerat,15376,0,0,89,3424.39,0.0,,0.0
mosconi,201,0,0,6,3397.8,0.0,,0.0
mebelswow-rn,1490,0,0,34,3391.7999999999997,0.0,,0.0
sparta,5136,0,0,139,3329.2,0.0,,0.0
coballe,2577,0,0,47,3324.09,0.0,,0.0
teosa,4083,0,0,71,3276.96,0.0,,0.0
suunto,1260,0,0,6,3262.42,0.0,,0.0
picard,3915,0,0,42,3241.98,0.0,,0.0
santeri,1456,6,4,55,3234.82,0.004120879120879121,0.6666666666666666,0.0027472527472527475
unit,4705,8,1,148,3225.68,0.0017003188097768332,0.125,0.00021253985122210415
byredo,393,0,0,14,3219.43,0.0,,0.0
fujida,1182,0,0,31,3212.54,0.0,,0.0
balta,4992,0,0,47,3193.73,0.0,,0.0
ombra,2202,0,0,13,3180.92,0.0,,0.0
titan,1697,0,0,31,3176.15,0.0,,0.0
alpina,2926,0,0,16,3170.75,0.0,,0.0
ava,2236,0,0,53,3161.71,0.0,,0.0
vardoven,105,0,0,5,3140.38,0.0,,0.0
protherm,115,0,0,5,3136.12,0.0,,0.0
am.pm,632,0,0,5,3132.58,0.0,,0.0
easywalker,594,0,0,7,3128.01,0.0,,0.0
rosa,1341,0,0,55,3101.25,0.0,,0.0
bellamebel,454,0,0,3,3087.66,0.0,,0.0
kumho,1872,0,0,44,3083.08,0.0,,0.0
gionee,1897,1,1,33,3063.69,0.0005271481286241434,1.0,0.0005271481286241434
broomer,3875,0,0,8,3057.99,0.0,,0.0
bafang,1306,0,0,2,3057.38,0.0,,0.0
forward,1651,0,0,43,3055.96,0.0,,0.0
focal,1803,0,0,23,3041.57,0.0,,0.0
adile,1478,0,0,45,3011.8500000000004,0.0,,0.0
kef,734,0,0,2,3006.2200000000003,0.0,,0.0
gipfel,5664,0,0,29,2970.15,0.0,,0.0
cartier,1878,0,0,7,2946.7200000000003,0.0,,0.0
dahon,443,3,2,7,2881.1299999999997,0.006772009029345372,0.6666666666666666,0.004514672686230248
moser,881,0,0,35,2870.19,0.0,,0.0
exide,1008,0,0,24,2837.27,0.0,,0.0
morel,1627,0,0,40,2831.57,0.0,,0.0
subini,1768,0,0,27,2809.64,0.0,,0.0
delsey,1745,11,3,31,2806.74,0.006303724928366762,0.2727272727272727,0.0017191977077363897
hasbro,6628,35,8,76,2791.84,0.00528062764031382,0.22857142857142856,0.0012070006035003018
maxler,2122,0,0,106,2783.25,0.0,,0.0
rastar,5880,127,33,95,2778.34,0.021598639455782314,0.25984251968503935,0.005612244897959183
eviza,907,0,0,21,2775.44,0.0,,0.0
optima,909,1,1,26,2752.0099999999998,0.0011001100110011,1.0,0.0011001100110011
next,836,0,0,37,2748.86,0.0,,0.0
kingtul,3129,0,0,45,2727.49,0.0,,0.0
ardahali,273,0,0,8,2724.66,0.0,,0.0
blackberry,2271,0,0,9,2721.5299999999997,0.0,,0.0
parkmaster,4128,0,0,41,2701.36,0.0,,0.0
silva,1208,0,0,8,2700.46,0.0,,0.0
oral-b,2547,86,30,87,2692.08,0.03376521397722811,0.3488372093023256,0.011778563015312132
intex,11919,4,0,39,2691.97,0.00033559862404564144,0.0,0.0
jinyu,72,0,0,11,2670.59,0.0,,0.0
barneo,1932,0,0,39,2665.05,0.0,,0.0
celine,106,0,0,3,2661.33,0.0,,0.0
cersanit,2503,0,0,31,2660.32,0.0,,0.0
sisley,121,0,0,18,2632.14,0.0,,0.0
babykiss,960,0,0,12,2625.6000000000004,0.0,,0.0
mima,1626,0,0,11,2612.66,0.0,,0.0
aoteli,1858,0,0,52,2571.85,0.0,,0.0
ariete,698,0,0,9,2566.53,0.0,,0.0
syma,3355,0,0,37,2564.88,0.0,,0.0
zanussi,1252,12,3,12,2553.17,0.009584664536741214,0.25,0.0023961661341853034
daisy,503,0,0,17,2550.76,0.0,,0.0
rosetta,646,0,0,23,2533.16,0.0,,0.0
technomax,1434,0,0,16,2532.96,0.0,,0.0
arua,4897,0,0,65,2531.19,0.0,,0.0
zelmer,1871,2,1,53,2523.87,0.0010689470871191875,0.5,0.0005344735435595938
mykronoz,2668,9,5,30,2518.92,0.003373313343328336,0.5555555555555556,0.0018740629685157421
ubisoft,2329,37,11,79,2507.07,0.0158866466294547,0.2972972972972973,0.0047230571060541005
mancera,582,2,1,20,2501.65,0.003436426116838488,0.5,0.001718213058419244
deestone,108,0,0,8,2499.4,0.0,,0.0
stark,1161,4,0,5,2499.25,0.0034453057708871662,0.0,0.0
smile,5466,3,2,60,2486.44,0.0005488474204171241,0.6666666666666666,0.00036589828027808267
grohe,2575,5,1,23,2465.86,0.001941747572815534,0.2,0.0003883495145631068
trek,944,0,0,4,2452.83,0.0,,0.0
bergner,4466,1,0,64,2440.65,0.0002239140170174653,0.0,0.0
mutlu,1083,0,0,24,2429.13,0.0,,0.0
sennheiser,1341,0,0,37,2427.5099999999998,0.0,,0.0
shiseido,1492,0,0,40,2410.68,0.0,,0.0
grape,1749,0,0,52,2409.38,0.0,,0.0
joyroad,2070,0,0,55,2393.88,0.0,,0.0
chloe,975,6,4,35,2389.23,0.006153846153846154,0.6666666666666666,0.0041025641025641026
trussardi,986,0,0,41,2382.58,0.0,,0.0
sunsuki,558,0,0,2,2368.14,0.0,,0.0
mjx,301,0,0,5,2367.65,0.0,,0.0
krk,219,0,0,4,2357.8599999999997,0.0,,0.0
olto,1924,12,5,54,2350.76,0.006237006237006237,0.4166666666666667,0.002598752598752599
inglesina,1325,0,0,5,2343.69,0.0,,0.0
renegade,270,0,0,2,2342.4,0.0,,0.0
konlega,837,0,0,13,2339.09,0.0,,0.0
carwel,532,0,0,11,2335.17,0.0,,0.0
metabo,4628,0,0,10,2327.26,0.0,,0.0
norfin,1675,0,0,12,2317.72,0.0,,0.0
pny,552,0,0,6,2315.1000000000004,0.0,,0.0
remax,3804,74,32,99,2311.43,0.019453207150368034,0.43243243243243246,0.008412197686645636
travelite,899,0,0,20,2306.35,0.0,,0.0
millionaire,2511,0,0,29,2298.8399999999997,0.0,,0.0
akvaton,2508,0,0,12,2294.29,0.0,,0.0
greenbike,1008,0,0,2,2292.41,0.0,,0.0
solite,557,0,0,27,2278.09,0.0,,0.0
telwin,163,0,0,2,2277.56,0.0,,0.0
condtrol,437,0,0,12,2267.31,0.0,,0.0
powcan,639,0,0,7,2265.19,0.0,,0.0
porsche,478,0,0,16,2265.12,0.0,,0.0
deeper,883,0,0,6,2263.1000000000004,0.0,,0.0
karat,5083,0,0,68,2257.48,0.0,,0.0
polar,1012,0,0,6,2256.42,0.0,,0.0
resanta,441,9,6,11,2245.87,0.02040816326530612,0.6666666666666666,0.013605442176870748
murager,1033,0,0,20,2239.4,0.0,,0.0
gezatone,2344,0,0,39,2215.4700000000003,0.0,,0.0
powerplant,2327,40,13,30,2205.64,0.017189514396218308,0.325,0.00558659217877095
silverlit,15295,0,0,40,2202.87,0.0,,0.0
ikea,8998,0,0,187,2187.9,0.0,,0.0
doohan,2035,0,0,2,2181.26,0.0,,0.0
kuppersberg,748,0,0,4,2180.86,0.0,,0.0
jockey,1045,25,7,23,2169.25,0.023923444976076555,0.28,0.0066985645933014355
beyerdynamic,423,0,0,13,2168.06,0.0,,0.0
burberry,675,0,0,32,2166.82,0.0,,0.0
agness,3629,0,0,70,2165.96,0.0,,0.0
mak,390,0,0,3,2149.44,0.0,,0.0
skyworth,490,1,0,3,2146.71,0.0020408163265306124,0.0,0.0
berkut,1523,0,0,9,2134.92,0.0,,0.0
dymatize,763,0,0,34,2134.1200000000003,0.0,,0.0
goform,878,0,0,31,2116.16,0.0,,0.0
elan,442,0,0,8,2100.94,0.0,,0.0
d-link,1984,45,19,78,2094.42,0.022681451612903226,0.4222222222222222,0.009576612903225807
qmax,1906,0,0,27,2094.12,0.0,,0.0
aria,315,0,0,14,2093.33,0.0,,0.0
veston,2291,0,0,52,2090.2599999999998,0.0,,0.0
jetair,414,2,2,12,2086.04,0.004830917874396135,1.0,0.004830917874396135
shell,4695,5,0,85,2075.71,0.0010649627263045794,0.0,0.0
dds,565,0,0,9,2073.15,0.0,,0.0
mobil,4334,0,0,67,2071.83,0.0,,0.0
hanma,461,0,0,6,2069.58,0.0,,0.0
sulu,2487,0,0,24,2059.2,0.0,,0.0
bene,6724,5,1,112,2057.89,0.00074360499702558,0.2,0.000148720999405116
prologic,3127,5,3,26,2057.59,0.0015989766549408379,0.6,0.0009593859929645027
continent,3195,28,11,98,2056.09,0.008763693270735524,0.39285714285714285,0.0034428794992175274
makeblock,430,1,1,6,2054.63,0.002325581395348837,1.0,0.002325581395348837
baltekstil,384,0,0,8,2048.19,0.0,,0.0
ibanez,221,0,0,7,2046.3899999999999,0.0,,0.0
minimotors,377,0,0,1,2033.51,0.0,,0.0
pikate,753,0,0,21,2027.13,0.0,,0.0
nexttab,2139,11,3,37,2024.3600000000001,0.005142589995324918,0.2727272727272727,0.001402524544179523
vinzer,3011,11,7,39,2022.6200000000001,0.0036532713384257723,0.6363636363636364,0.002324809033543673
e-blue,414,0,0,7,2011.3600000000001,0.0,,0.0
redragon,2287,24,12,89,2010.88,0.010494097070397902,0.5,0.005247048535198951
levenhuk,2349,0,0,24,2008.52,0.0,,0.0
advan,190,0,0,3,2007.78,0.0,,0.0
aquamarine,4226,0,0,123,2004.12,0.0,,0.0
mazzini,1591,0,0,46,1992.45,0.0,,0.0
leader,524,15,4,19,1980.25,0.02862595419847328,0.26666666666666666,0.007633587786259542
kainar,390,0,0,31,1965.77,0.0,,0.0
autoprofi,2687,0,0,44,1961.9499999999998,0.0,,0.0
axper,4304,0,0,43,1952.1299999999999,0.0,,0.0
yato,2805,0,0,24,1951.95,0.0,,0.0
milavitsa,15611,0,0,92,1947.97,0.0,,0.0
jack,360,0,0,3,1947.3,0.0,,0.0
rockdale,392,0,0,18,1945.98,0.0,,0.0
bardahl,2985,0,0,74,1942.97,0.0,,0.0
ninebot,1004,9,0,4,1940.83,0.008964143426294821,0.0,0.0
gkhair,1736,0,0,53,1935.44,0.0,,0.0
buggy,582,0,0,6,1930.56,0.0,,0.0
fisher-price,1848,22,10,42,1929.3799999999999,0.011904761904761904,0.45454545454545453,0.005411255411255411
adriatica,1255,0,0,9,1928.48,0.0,,0.0
teka,768,0,0,6,1927.76,0.0,,0.0
firman,918,0,0,9,1919.3400000000001,0.0,,0.0
sunday,586,0,0,7,1912.51,0.0,,0.0
iiyama,457,0,0,8,1909.7,0.0,,0.0
awei,2905,59,24,112,1908.56,0.020309810671256454,0.4067796610169492,0.008261617900172116
boto,206,0,0,9,1896.35,0.0,,0.0
delmax,2563,16,6,42,1894.3700000000001,0.006242684354272337,0.375,0.0023410066328521262
masteryard,233,0,0,3,1891.9499999999998,0.0,,0.0
yoya,1117,4,2,24,1888.78,0.0035810205908683975,0.5,0.0017905102954341987
harley-davidson,4306,0,0,15,1888.09,0.0,,0.0
deluxe,4390,30,14,78,1887.5,0.00683371298405467,0.4666666666666667,0.0031890660592255125
dk,923,2,1,7,1882.4099999999999,0.0021668472372697724,0.5,0.0010834236186348862
nzxt,365,0,0,11,1877.85,0.0,,0.0
mebelson,3827,0,0,12,1877.75,0.0,,0.0
x-race,501,0,0,7,1875.98,0.0,,0.0
viessmann,152,0,0,2,1868.1799999999998,0.0,,0.0
marshal,2794,0,0,31,1863.5500000000002,0.0,,0.0
matrol,506,0,0,16,1858.54,0.0,,0.0
battipav,367,0,0,8,1848.16,0.0,,0.0
basharan,402,0,0,4,1845.48,0.0,,0.0
sinotex,624,0,0,20,1841.8000000000002,0.0,,0.0
kronasteel,456,0,0,10,1839.8999999999999,0.0,,0.0
jabra,1328,36,13,45,1834.16,0.02710843373493976,0.3611111111111111,0.009789156626506024
afnan,755,0,0,29,1824.22,0.0,,0.0
alvitek,1895,0,0,51,1823.58,0.0,,0.0
viking,1015,0,0,4,1816.26,0.0,,0.0
appollo,1416,0,0,10,1814.4299999999998,0.0,,0.0
mibb,490,0,0,6,1804.8,0.0,,0.0
hartan,210,0,0,1,1801.82,0.0,,0.0
dreammachines,51,3,1,1,1801.82,0.058823529411764705,0.3333333333333333,0.0196078431372549
mystar,570,0,0,2,1801.8,0.0,,0.0
chigo,222,0,0,6,1798.1999999999998,0.0,,0.0
grow-with-me,1231,0,0,50,1788.99,0.0,,0.0
merries,1315,3,0,107,1785.88,0.0022813688212927757,0.0,0.0
merach,51,0,0,3,1776.12,0.0,,0.0
garvalin,3485,0,0,27,1770.42,0.0,,0.0
edon,2527,0,0,42,1769.14,0.0,,0.0
legeartis,1078,0,0,3,1762.1999999999998,0.0,,0.0
pupa,3617,0,0,120,1755.1000000000001,0.0,,0.0
leem,1658,0,0,5,1734.6699999999998,0.0,,0.0
veritas,271,4,1,11,1732.1999999999998,0.014760147601476014,0.25,0.0036900369003690036
glamglow,1142,0,0,35,1731.24,0.0,,0.0
gran-stone,965,0,0,26,1728.32,0.0,,0.0
nania,1336,3,1,25,1725.6,0.002245508982035928,0.3333333333333333,0.0007485029940119761
fantasia,254,1,1,6,1715.57,0.003937007874015748,1.0,0.003937007874015748
cnd,1221,35,9,16,1711.45,0.028665028665028666,0.2571428571428571,0.007371007371007371
audio-technica,1162,6,3,24,1706.14,0.0051635111876075735,0.5,0.0025817555938037868
heyner,935,0,0,13,1705.3300000000002,0.0,,0.0
sega,2318,0,0,45,1692.31,0.0,,0.0
dkny,1572,0,0,21,1679.75,0.0,,0.0
fiesta,1125,0,0,12,1672.79,0.0,,0.0
vectron,586,0,0,5,1671.85,0.0,,0.0
micio,474,0,0,16,1669.9,0.0,,0.0
saferich,1329,0,0,28,1668.35,0.0,,0.0
xxr,963,0,0,2,1663.6100000000001,0.0,,0.0
forcekraft,2261,0,0,18,1661.03,0.0,,0.0
vihr,1363,64,32,45,1658.17,0.04695524578136464,0.5,0.02347762289068232
diamondunion,406,0,0,10,1656.92,0.0,,0.0
bbk,1198,14,7,29,1647.68,0.011686143572621035,0.5,0.005843071786310518
shenma,715,0,0,29,1642.27,0.0,,0.0
denn,1775,51,19,54,1624.65,0.02873239436619718,0.37254901960784315,0.010704225352112675
phillips,553,13,7,10,1624.0,0.023508137432188065,0.5384615384615384,0.012658227848101266
vichy,1956,0,0,70,1609.91,0.0,,0.0
krause,483,0,0,17,1594.6100000000001,0.0,,0.0
internedoors,703,0,0,10,1590.49,0.0,,0.0
suave,1263,0,0,15,1588.22,0.0,,0.0
constancy,45,0,0,6,1583.04,0.0,,0.0
miele,193,0,0,4,1576.86,0.0,,0.0
franke,576,0,0,7,1553.3799999999999,0.0,,0.0
arrivo,637,0,0,17,1548.1000000000001,0.0,,0.0
sumdex,2250,27,11,51,1526.33,0.012,0.4074074074074074,0.004888888888888889
delux,4051,91,28,120,1525.27,0.022463589237225377,0.3076923076923077,0.006911873611453962
caprice,3989,0,0,21,1525.1399999999999,0.0,,0.0
dunhill,346,0,0,16,1516.4,0.0,,0.0
ivt,2727,0,0,48,1508.03,0.0,,0.0
mamadoma,872,0,0,15,1500.69,0.0,,0.0
okuma,1752,2,2,35,1492.8700000000001,0.001141552511415525,1.0,0.001141552511415525
trollbeads,8147,0,0,15,1492.44,0.0,,0.0
chameleon,1599,0,0,31,1482.42,0.0,,0.0
pandect,564,2,1,5,1471.1000000000001,0.0035460992907801418,0.5,0.0017730496453900709
kunlun,61,0,0,5,1469.79,0.0,,0.0
obi,1441,0,0,4,1457.08,0.0,,0.0
cougar,992,1,0,17,1447.6000000000001,0.0010080645161290322,0.0,0.0
westa,602,0,0,20,1438.62,0.0,,0.0
salomon,163,0,0,7,1421.6299999999999,0.0,,0.0
amouage,654,0,0,8,1420.67,0.0,,0.0
electronicsdeluxe,339,0,0,8,1420.42,0.0,,0.0
tristar,4290,21,7,46,1413.27,0.0048951048951048955,0.3333333333333333,0.0016317016317016317
smashbox,2122,0,0,34,1412.08,0.0,,0.0
dfc,649,0,0,8,1411.63,0.0,,0.0
gewa,1010,6,1,22,1405.6599999999999,0.005940594059405941,0.16666666666666666,0.0009900990099009901
sonyinteractiveentertainment,550,35,14,21,1404.9,0.06363636363636363,0.4,0.025454545454545455
activision,1643,18,4,31,1404.66,0.010955569080949483,0.2222222222222222,0.002434570906877663
bushnell,796,0,0,7,1400.1100000000001,0.0,,0.0
uragan,376,0,0,36,1399.32,0.0,,0.0
hermes,252,0,0,8,1393.94,0.0,,0.0
kovi,85,0,0,2,1392.5700000000002,0.0,,0.0
dongma,311,0,0,6,1388.46,0.0,,0.0
akg,386,0,0,7,1377.6200000000001,0.0,,0.0
dynamic,271,1,1,14,1372.5900000000001,0.0036900369003690036,1.0,0.0036900369003690036
rucelf,278,4,3,12,1369.01,0.014388489208633094,0.75,0.01079136690647482
otani,50,0,0,5,1367.04,0.0,,0.0
carlsbad,4211,0,0,5,1356.15,0.0,,0.0
smartrike,1174,1,1,9,1354.99,0.0008517887563884157,1.0,0.0008517887563884157
mbs,569,1,1,10,1353.02,0.0017574692442882249,1.0,0.0017574692442882249
sunfull,395,0,0,25,1351.5,0.0,,0.0
solomon,1418,0,0,8,1351.4,0.0,,0.0
einhell,1922,0,0,12,1343.67,0.0,,0.0
cacharel,481,0,0,30,1339.09,0.0,,0.0
legre,1659,0,0,15,1336.74,0.0,,0.0
luxell,1362,0,0,20,1334.1200000000001,0.0,,0.0
roadcruza,135,0,0,12,1329.77,0.0,,0.0
swatch,1309,0,0,14,1324.1,0.0,,0.0
covani,1438,0,0,12,1320.73,0.0,,0.0
energizer,775,2,0,14,1319.47,0.0025806451612903226,0.0,0.0
behringer,645,0,0,6,1318.69,0.0,,0.0
prada,929,0,0,15,1313.12,0.0,,0.0
leo,801,0,0,12,1309.17,0.0,,0.0
tuffoni,1484,0,0,15,1305.86,0.0,,0.0
ccm,396,0,0,6,1302.47,0.0,,0.0
weekend,6278,0,0,2,1297.33,0.0,,0.0
sheba,213,4,3,9,1297.28,0.018779342723004695,0.75,0.014084507042253521
kirkland,485,0,0,39,1294.91,0.0,,0.0
baige,608,0,0,1,1287.03,0.0,,0.0
orla,188,0,0,2,1279.32,0.0,,0.0
lancome,880,0,0,13,1269.67,0.0,,0.0
capcom,554,24,10,24,1267.62,0.04332129963898917,0.4166666666666667,0.018050541516245487
missha,2138,0,0,60,1255.34,0.0,,0.0
nutrilon,2610,0,0,101,1253.15,0.0,,0.0
basic,355,0,0,3,1247.6399999999999,0.0,,0.0
citizen,983,0,0,7,1242.75,0.0,,0.0
ryobi,3043,3,1,10,1242.08,0.000985869208018403,0.3333333333333333,0.00032862306933946765
dam,1848,2,0,26,1238.74,0.0010822510822510823,0.0,0.0
rainbo,667,11,2,14,1230.1,0.01649175412293853,0.18181818181818182,0.0029985007496251873
burton,635,0,0,6,1228.86,0.0,,0.0
coleman,1716,0,0,4,1222.58,0.0,,0.0
hobot,457,0,0,2,1222.19,0.0,,0.0
bambini,644,1,1,10,1219.6100000000001,0.0015527950310559005,1.0,0.0015527950310559005
minerva,716,0,0,17,1215.1399999999999,0.0,,0.0
kelly,121,0,0,3,1214.1599999999999,0.0,,0.0
nitecore,706,0,0,11,1210.71,0.0,,0.0
maxvi,4511,4,1,99,1199.62,0.0008867213478164486,0.25,0.00022168033695411216
fornelli,339,0,0,4,1197.87,0.0,,0.0
leatherman,1276,0,0,9,1197.45,0.0,,0.0
castrol,1949,0,0,36,1193.34,0.0,,0.0
ventura,72,0,0,3,1190.54,0.0,,0.0
venta,365,0,0,3,1183.8400000000001,0.0,,0.0
laudio,188,0,0,9,1176.39,0.0,,0.0
stayer,2877,0,0,35,1168.96,0.0,,0.0
terra,457,0,0,9,1162.33,0.0,,0.0
prestige,429,0,0,5,1161.44,0.0,,0.0
fanline,485,0,0,6,1159.6100000000001,0.0,,0.0
al-ko,396,0,0,6,1151.31,0.0,,0.0
simpleparenting,387,0,0,3,1150.6200000000001,0.0,,0.0
bumbleride,1565,0,0,3,1150.6200000000001,0.0,,0.0
huntkey,1310,20,9,24,1145.52,0.015267175572519083,0.45,0.006870229007633588
longstyle,259,0,0,5,1145.45,0.0,,0.0
machaon,1737,0,0,41,1144.53,0.0,,0.0
bohemia,2564,0,0,5,1143.11,0.0,,0.0
clatronic,4847,22,4,30,1140.14,0.0045388900350732415,0.18181818181818182,0.0008252527336496802
hb,1768,0,0,36,1139.32,0.0,,0.0
gosh,2497,0,0,86,1130.8799999999999,0.0,,0.0
master,1196,0,0,14,1128.12,0.0,,0.0
phantom,4245,0,0,72,1125.8799999999999,0.0,,0.0
cobra,432,1,1,5,1123.83,0.0023148148148148147,1.0,0.0023148148148148147
zeetex,694,0,0,20,1115.46,0.0,,0.0
sportbaby,559,3,1,4,1107.78,0.005366726296958855,0.3333333333333333,0.0017889087656529517
dinastia,248,0,0,7,1106.61,0.0,,0.0
altenzo,653,0,0,14,1101.3,0.0,,0.0
w-star,423,0,0,17,1091.86,0.0,,0.0
pablosky,4028,0,0,19,1089.34,0.0,,0.0
aquapick,1031,19,7,14,1080.8,0.01842870999030068,0.3684210526315789,0.006789524733268671
patriot,1111,0,0,12,1078.76,0.0,,0.0
stokke,805,0,0,5,1078.3400000000001,0.0,,0.0
santek,960,0,0,15,1077.48,0.0,,0.0
lorus,1161,0,0,14,1075.44,0.0,,0.0
novigo,977,1,0,1,1073.36,0.0010235414534288639,0.0,0.0
persona,5815,0,0,3,1070.81,0.0,,0.0
toro,3555,89,31,79,1051.63,0.025035161744022504,0.34831460674157305,0.008720112517580873
polti,558,0,0,6,1049.45,0.0,,0.0
wster,757,0,0,29,1047.62,0.0,,0.0
nacon,205,0,0,9,1042.47,0.0,,0.0
siger,873,15,1,13,1038.49,0.01718213058419244,0.06666666666666667,0.001145475372279496
a-mega,291,0,0,9,1031.47,0.0,,0.0
huanger,1344,0,0,38,1031.4,0.0,,0.0
skylor,390,0,0,13,1029.6599999999999,0.0,,0.0
specialized,261,0,0,1,1029.63,0.0,,0.0
kabrita,1237,0,0,38,1028.28,0.0,,0.0
benebaby,414,0,0,10,1027.1,0.0,,0.0
motorola,1202,0,0,11,1023.6,0.0,,0.0
ferrino,1325,0,0,9,1014.9399999999999,0.0,,0.0
tec,948,1,1,4,1007.8699999999999,0.0010548523206751054,1.0,0.0010548523206751054
rapoo,1525,19,5,39,1007.74,0.012459016393442624,0.2631578947368421,0.003278688524590164
wingo,208,0,0,5,1003.9,0.0,,0.0
armos,64,0,0,3,1000.02,0.0,,0.0
t-rex,476,0,0,16,994.16,0.0,,0.0
skagen,718,0,0,5,991.54,0.0,,0.0
steelflex,1205,0,0,1,991.53,0.0,,0.0
crona,607,0,0,17,990.32,0.0,,0.0
carters,3591,0,0,34,989.63,0.0,,0.0
airwheel,412,2,0,3,984.81,0.0048543689320388345,0.0,0.0
hilo,823,0,0,24,979.73,0.0,,0.0
mido,532,0,0,1,978.15,0.0,,0.0
apollo,3018,72,36,72,966.66,0.02385685884691849,0.5,0.011928429423459244
azzaro,267,0,0,15,966.28,0.0,,0.0
bradex,724,17,7,27,963.33,0.023480662983425413,0.4117647058823529,0.009668508287292817
quinny,495,0,0,2,959.87,0.0,,0.0
pampers,1495,0,0,99,955.92,0.0,,0.0
coolfort,4192,28,8,14,953.6,0.006679389312977099,0.2857142857142857,0.0019083969465648854
flavia,379,0,0,3,947.6,0.0,,0.0
emsa,1574,21,12,26,947.13,0.013341804320203304,0.5714285714285714,0.007623888182973317
stiga,1053,6,4,9,947.08,0.005698005698005698,0.6666666666666666,0.003798670465337132
aplus,1412,0,0,18,944.42,0.0,,0.0
mammut,680,0,0,28,943.0,0.0,,0.0
jackson,152,0,0,3,942.37,0.0,,0.0
rombica,1964,50,18,34,934.23,0.025458248472505093,0.36,0.009164969450101833
husqvarna,377,0,0,3,934.1400000000001,0.0,,0.0
forlux,205,0,0,13,933.75,0.0,,0.0
masei,3273,0,0,3,925.89,0.0,,0.0
achilles,712,0,0,14,924.87,0.0,,0.0
coccinelle,481,0,0,3,922.54,0.0,,0.0
segway,1232,8,0,2,920.98,0.006493506493506494,0.0,0.0
fengnix,175,0,0,6,911.22,0.0,,0.0
apache,692,0,0,5,910.88,0.0,,0.0
korting,289,0,0,5,906.5,0.0,,0.0
liv,322,0,0,2,905.56,0.0,,0.0
bourjois,1712,0,0,83,904.57,0.0,,0.0
gross,2562,0,0,11,892.15,0.0,,0.0
sanita,1071,0,0,16,891.1600000000001,0.0,,0.0
atomic,137,0,0,3,884.75,0.0,,0.0
crosby,3286,0,0,21,883.67,0.0,,0.0
kelli,1922,0,0,24,881.26,0.0,,0.0
onkron,592,0,0,10,878.1800000000001,0.0,,0.0
nikotex,2002,0,0,11,876.23,0.0,,0.0
wellberg,2246,0,0,39,875.13,0.0,,0.0
versus,340,0,0,3,870.8299999999999,0.0,,0.0
escada,560,1,1,15,870.61,0.0017857142857142857,1.0,0.0017857142857142857
soundking,341,0,0,3,865.66,0.0,,0.0
native,1603,0,0,6,864.72,0.0,,0.0
agu,395,5,5,10,864.37,0.012658227848101266,1.0,0.012658227848101266
dion,6562,0,0,29,863.5600000000001,0.0,,0.0
gretsch,343,0,0,1,862.8,0.0,,0.0
amos,150,0,0,3,859.59,0.0,,0.0
remonte,1876,0,0,12,859.24,0.0,,0.0
milwaukee,1615,0,0,5,855.97,0.0,,0.0
celestron,810,0,0,7,849.46,0.0,,0.0
medela,431,0,0,7,846.86,0.0,,0.0
waterpik,431,0,0,5,842.2,0.0,,0.0
rcf,145,0,0,2,839.39,0.0,,0.0
hanowa,542,0,0,5,836.56,0.0,,0.0
spinmaster,152,1,1,6,834.0,0.006578947368421052,1.0,0.006578947368421052
bioderma,1435,0,0,56,832.28,0.0,,0.0
wilo,232,0,0,2,831.6800000000001,0.0,,0.0
terris,1116,0,0,28,830.15,0.0,,0.0
coty,1001,0,0,57,828.48,0.0,,0.0
kx,1436,0,0,26,828.35,0.0,,0.0
scovo,1950,0,0,25,825.99,0.0,,0.0
welly,6792,0,0,93,824.66,0.0,,0.0
gaint,107,0,0,2,823.18,0.0,,0.0
s.a.n.,1255,0,0,27,814.99,0.0,,0.0
quatro,200,0,0,4,813.3900000000001,0.0,,0.0
zongshen,208,0,0,2,813.0,0.0,,0.0
holiday,540,0,0,5,812.4,0.0,,0.0
tokler,148,0,0,7,810.6999999999999,0.0,,0.0
wenge,1152,0,0,31,805.68,0.0,,0.0
dermacol,2604,0,0,97,802.98,0.0,,0.0
medalist,258,1,1,8,802.85,0.003875968992248062,1.0,0.003875968992248062
bruder,4688,0,0,13,801.43,0.0,,0.0
embryolisse,994,0,0,22,799.7099999999999,0.0,,0.0
beyond,1252,3,0,59,799.44,0.0023961661341853034,0.0,0.0
forza,696,0,0,6,798.59,0.0,,0.0
nutrex,950,2,2,27,794.72,0.002105263157894737,1.0,0.002105263157894737
alphaline,216,0,0,9,793.58,0.0,,0.0
collistar,1079,0,0,26,786.1899999999999,0.0,,0.0
elizavecca,1897,0,0,61,785.22,0.0,,0.0
zapco,124,0,0,3,785.0899999999999,0.0,,0.0
shaik,328,0,0,3,784.98,0.0,,0.0
simfer,714,12,5,6,784.97,0.01680672268907563,0.4166666666666667,0.0070028011204481795
barty,435,0,0,8,782.38,0.0,,0.0
misty,478,0,0,5,778.47,0.0,,0.0
harp,64,0,0,1,777.37,0.0,,0.0
barbie,2440,19,4,18,775.92,0.00778688524590164,0.21052631578947367,0.001639344262295082
biotech,922,0,0,15,775.6600000000001,0.0,,0.0
alilo,211,0,0,15,775.29,0.0,,0.0
muscletech,419,0,0,14,775.01,0.0,,0.0
hori,176,0,0,4,772.24,0.0,,0.0
peak,1769,0,0,8,770.76,0.0,,0.0
nubia,1109,3,2,5,770.05,0.002705139765554554,0.6666666666666666,0.0018034265103697023
valentino,170,0,0,10,767.3000000000001,0.0,,0.0
brahner,287,0,0,8,767.04,0.0,,0.0
bissell,505,5,2,2,761.87,0.009900990099009901,0.4,0.0039603960396039604
cinemood,191,0,0,2,756.75,0.0,,0.0
wahl,327,0,0,9,754.3,0.0,,0.0
genius,1735,20,9,40,752.3000000000001,0.011527377521613832,0.45,0.005187319884726225
avel,789,0,0,8,749.04,0.0,,0.0
welss,1649,10,7,11,748.78,0.006064281382656155,0.7,0.004244996967859308
elysium,6017,0,0,63,746.76,0.0,,0.0
jasic,195,0,0,3,745.2,0.0,,0.0
babys,563,10,7,17,741.54,0.017761989342806393,0.7,0.012433392539964476
diamond,315,21,10,20,735.6,0.06666666666666667,0.47619047619047616,0.031746031746031744
cityrover,86,0,0,3,732.84,0.0,,0.0
belashoff,2166,0,0,26,730.0,0.0,,0.0
aorus,117,0,0,1,725.86,0.0,,0.0
rivacase,1325,18,8,27,724.16,0.013584905660377358,0.4444444444444444,0.0060377358490566035
motorguide,1031,0,0,4,722.79,0.0,,0.0
nux,94,0,0,1,720.74,0.0,,0.0
babyzz,544,0,0,2,720.74,0.0,,0.0
mio,863,1,0,5,720.68,0.0011587485515643105,0.0,0.0
verloni,2335,14,2,13,720.52,0.0059957173447537475,0.14285714285714285,0.0008565310492505353
asm,195,0,0,1,718.14,0.0,,0.0
wethepeople,651,4,0,2,707.3599999999999,0.006144393241167435,0.0,0.0
bugati,869,1,0,3,707.29,0.0011507479861910242,0.0,0.0
skil,60,0,0,7,702.73,0.0,,0.0
alexandre.j,156,0,0,6,696.36,0.0,,0.0
plitex,1999,9,4,16,695.87,0.004502251125562781,0.4444444444444444,0.002001000500250125
iwalk,2206,0,0,45,695.46,0.0,,0.0
ride,388,0,0,3,689.07,0.0,,0.0
berlingerhaus,571,21,7,18,688.6600000000001,0.03677758318739054,0.3333333333333333,0.012259194395796848
crescina,145,0,0,3,687.79,0.0,,0.0
giornonotte,569,0,0,1,686.5,0.0,,0.0
halmar,696,0,0,3,685.73,0.0,,0.0
eco,792,0,0,6,683.5,0.0,,0.0
teknetics,172,0,0,2,674.51,0.0,,0.0
meinl,301,0,0,6,674.39,0.0,,0.0
conceptclub,2389,0,0,15,673.87,0.0,,0.0
zemex,974,4,2,8,671.46,0.004106776180698152,0.5,0.002053388090349076
junama,242,0,0,1,669.26,0.0,,0.0
illumico,266,0,0,11,668.9399999999999,0.0,,0.0
alpicool,954,0,0,1,668.78,0.0,,0.0
lalique,379,0,0,14,666.22,0.0,,0.0
gladen,311,0,0,3,660.25,0.0,,0.0
id-cooling,977,11,2,25,660.19,0.011258955987717503,0.18181818181818182,0.0020470829068577278
zubr,779,0,0,14,659.05,0.0,,0.0
certina,1315,0,0,2,658.96,0.0,,0.0
genebre,385,0,0,3,656.28,0.0,,0.0
moony,411,0,0,35,655.63,0.0,,0.0
spur,2156,0,0,21,650.95,0.0,,0.0
metsui,774,12,7,13,641.15,0.015503875968992248,0.5833333333333334,0.00904392764857881
babylisspro,576,0,0,11,640.39,0.0,,0.0
dremel,688,6,2,8,639.78,0.00872093023255814,0.3333333333333333,0.0029069767441860465
verbatim,647,3,1,13,638.91,0.00463678516228748,0.3333333333333333,0.0015455950540958269
demiray,1222,0,0,6,636.1800000000001,0.0,,0.0
nutricia,799,0,0,66,636.17,0.0,,0.0
hyper,99,0,0,10,635.17,0.0,,0.0
otex,341,0,0,2,634.29,0.0,,0.0
alpika,419,0,0,4,633.24,0.0,,0.0
mitasu,1261,0,0,24,622.87,0.0,,0.0
gemsy,85,0,0,1,621.3,0.0,,0.0
muqajankz,2210,0,0,16,620.34,0.0,,0.0
sunmi,218,0,0,3,617.79,0.0,,0.0
machete,475,0,0,16,617.76,0.0,,0.0
moonybaby,271,4,2,5,616.47,0.014760147601476014,0.5,0.007380073800738007
biostar,432,0,0,12,612.08,0.0,,0.0
niio,455,1,1,18,611.8000000000001,0.002197802197802198,1.0,0.002197802197802198
fabretti,3344,0,0,29,610.22,0.0,,0.0
mapex,1009,1,0,1,609.28,0.0009910802775024777,0.0,0.0
voltmaster,207,0,0,6,607.6700000000001,0.0,,0.0
meade,577,0,0,2,604.56,0.0,,0.0
neumann,30,0,0,1,603.38,0.0,,0.0
karavaevskaauf,31,0,0,2,599.76,0.0,,0.0
mattel,2781,29,5,25,599.01,0.010427903631787127,0.1724137931034483,0.0017979144192736426
brateck,1008,47,18,47,593.37,0.04662698412698413,0.3829787234042553,0.017857142857142856
bmw,192,0,0,5,591.98,0.0,,0.0
shindo,194,0,0,9,591.23,0.0,,0.0
adam,95,0,0,1,589.46,0.0,,0.0
cavaletto,1937,0,0,4,585.8599999999999,0.0,,0.0
fiio,612,0,0,7,584.8499999999999,0.0,,0.0
alligator,1855,0,0,14,583.28,0.0,,0.0
cezaris,422,0,0,4,581.65,0.0,,0.0
greenway,401,15,7,9,580.0,0.03740648379052369,0.4666666666666667,0.017456359102244388
gemei,616,0,0,28,579.42,0.0,,0.0
tuka,1641,0,0,29,568.89,0.0,,0.0
synology,87,0,0,1,568.35,0.0,,0.0
cliff,135,0,0,2,566.3,0.0,,0.0
brumer,358,0,0,4,566.28,0.0,,0.0
alser,759,1,0,1,566.04,0.0013175230566534915,0.0,0.0
modern,537,25,14,20,565.8,0.04655493482309125,0.56,0.0260707635009311
ching-ching,234,0,0,7,563.24,0.0,,0.0
maxi-cosi,555,0,0,3,561.66,0.0,,0.0
rode,97,0,0,4,561.16,0.0,,0.0
rockforce,1503,0,0,8,561.14,0.0,,0.0
dsquared,235,0,0,3,559.86,0.0,,0.0
amtel,480,0,0,14,558.7199999999999,0.0,,0.0
lexmark,763,0,0,8,556.0,0.0,,0.0
nadoba,325,0,0,4,554.61,0.0,,0.0
mydean,1176,0,0,3,553.43,0.0,,0.0
origins,854,0,0,13,552.89,0.0,,0.0
holicy,24,0,0,1,552.14,0.0,,0.0
olmeko,967,0,0,2,551.32,0.0,,0.0
leica,359,0,0,4,543.02,0.0,,0.0
rossinka,767,0,0,18,542.37,0.0,,0.0
recaro,102,0,0,1,540.55,0.0,,0.0
parkcity,516,0,0,5,540.55,0.0,,0.0
pro-karaoke,710,0,0,3,540.54,0.0,,0.0
flexter,308,0,0,6,540.54,0.0,,0.0
momert,758,0,0,9,540.53,0.0,,0.0
perina,627,0,0,6,537.0,0.0,,0.0
zalman,825,0,0,12,535.91,0.0,,0.0
hauck,147,0,0,2,534.89,0.0,,0.0
polaroid,709,0,0,9,531.55,0.0,,0.0
karmen,739,0,0,1,530.0,0.0,,0.0
aurora,638,0,0,14,529.58,0.0,,0.0
solaris,611,0,0,8,526.72,0.0,,0.0
botas,413,0,0,7,523.3199999999999,0.0,,0.0
kmk,452,0,0,2,522.49,0.0,,0.0
max,418,8,5,9,522.32,0.019138755980861243,0.625,0.011961722488038277
embawood,670,0,0,1,521.76,0.0,,0.0
ortega,512,0,0,5,517.38,0.0,,0.0
autoline,383,0,0,2,514.8199999999999,0.0,,0.0
rivalli,406,0,0,1,514.56,0.0,,0.0
novline,1322,0,0,17,513.22,0.0,,0.0
maisonfranciskurkdjian,35,0,0,1,512.24,0.0,,0.0
his,27,0,0,1,507.86,0.0,,0.0
tarkett,6054,0,0,80,505.24,0.0,,0.0
compasal,562,0,0,14,503.98,0.0,,0.0
bravat,330,0,0,3,503.39,0.0,,0.0
calorie,721,0,0,17,501.19,0.0,,0.0
ozkaplan,89,0,0,2,494.22,0.0,,0.0
bochetti,570,0,0,4,493.19,0.0,,0.0
kolo,171,0,0,2,492.9,0.0,,0.0
doupro,69,0,0,2,492.17,0.0,,0.0
inhouse,2148,9,4,32,491.15999999999997,0.004189944134078212,0.4444444444444444,0.00186219739292365
elica,244,0,0,3,490.64,0.0,,0.0
on,112,0,0,8,487.5,0.0,,0.0
farcar,373,0,0,1,486.5,0.0,,0.0
oster,192,0,0,4,485.89,0.0,,0.0
enermax,199,0,0,6,484.3,0.0,,0.0
roborock,267,0,0,1,483.67,0.0,,0.0
marley,396,12,7,9,478.55,0.030303030303030304,0.5833333333333334,0.017676767676767676
mebelev,309,0,0,1,476.2,0.0,,0.0
char-broil,191,0,0,2,476.05,0.0,,0.0
ifree,129,0,0,2,473.62,0.0,,0.0
gimi,841,25,11,21,471.29,0.029726516052318668,0.44,0.013079667063020214
nestogen,1497,0,0,66,470.46000000000004,0.0,,0.0
pangao,702,6,4,5,470.41,0.008547008547008548,0.6666666666666666,0.005698005698005698
febest,4797,0,0,23,469.05,0.0,,0.0
clarion,1478,0,0,5,468.46999999999997,0.0,,0.0
weifeng,764,0,0,28,468.44,0.0,,0.0
cmi,267,0,0,2,467.15,0.0,,0.0
ecotex,1650,0,0,45,465.97,0.0,,0.0
acuvue,1102,0,0,20,464.15000000000003,0.0,,0.0
regent,186,1,0,5,463.91999999999996,0.005376344086021506,0.0,0.0
indigo,326,0,0,3,463.26,0.0,,0.0
daiwa,518,1,0,6,462.56,0.0019305019305019305,0.0,0.0
nortec,390,0,0,8,458.20000000000005,0.0,,0.0
bburago,1408,11,4,23,455.14,0.0078125,0.36363636363636365,0.002840909090909091
havit,448,12,5,11,449.98,0.026785714285714284,0.4166666666666667,0.011160714285714286
ansmann,1917,0,0,19,449.19,0.0,,0.0
mars,252,1,1,7,448.76,0.003968253968253968,1.0,0.003968253968253968
florentina,263,0,0,3,446.61,0.0,,0.0
rapid,2398,31,11,31,442.13,0.01292743953294412,0.3548387096774194,0.0045871559633027525
pyrex,1383,33,13,34,441.15999999999997,0.02386117136659436,0.3939393939393939,0.009399855386840203
pasabahce,3456,44,20,76,438.7,0.01273148148148148,0.45454545454545453,0.005787037037037037
kona,79,0,0,1,437.59,0.0,,0.0
jiaxingharleybabycar,97,0,0,2,437.08,0.0,,0.0
vladi,1396,0,0,13,435.57,0.0,,0.0
motul,1257,0,0,13,432.95,0.0,,0.0
lumene,1380,0,0,37,432.81,0.0,,0.0
tanglewood,98,0,0,2,432.45,0.0,,0.0
chaod,4,0,0,1,432.44,0.0,,0.0
electronicarts,138,0,0,6,432.32000000000005,0.0,,0.0
kronwerk,201,0,0,2,431.32,0.0,,0.0
simba,1010,0,0,10,430.62,0.0,,0.0
rubineta,682,0,0,11,429.90999999999997,0.0,,0.0
gamdias,341,8,2,3,421.72,0.02346041055718475,0.25,0.005865102639296188
tucano,361,7,5,11,420.55,0.019390581717451522,0.7142857142857143,0.013850415512465374
ga-de,1187,0,0,26,420.38,0.0,,0.0
homage,114,0,0,5,419.57,0.0,,0.0
hitechnic,292,15,9,12,419.33,0.05136986301369863,0.6,0.030821917808219176
ballarini,414,13,5,12,418.34999999999997,0.03140096618357488,0.38461538461538464,0.012077294685990338
sowell,22,0,0,1,417.0,0.0,,0.0
first,1816,2,0,11,416.48,0.0011013215859030838,0.0,0.0
raveltex,85,0,0,2,414.94,0.0,,0.0
mersco,165,0,0,5,411.85,0.0,,0.0
outwell,959,0,0,5,410.07,0.0,,0.0
manuoki,537,22,9,30,408.62,0.040968342644320296,0.4090909090909091,0.01675977653631285
sweety,473,0,0,29,406.6,0.0,,0.0
micmax,394,0,0,21,406.46999999999997,0.0,,0.0
autopower,178,0,0,3,405.41999999999996,0.0,,0.0
singer,423,0,0,2,404.33000000000004,0.0,,0.0
halei,323,0,0,27,401.53,0.0,,0.0
confetti,4362,0,0,52,401.44,0.0,,0.0
beeline,314,0,0,7,400.26,0.0,,0.0
bravo,3200,0,0,21,397.4,0.0,,0.0
ricoh,545,1,0,4,397.15999999999997,0.001834862385321101,0.0,0.0
dometic,3930,0,0,3,392.98,0.0,,0.0
wsp,38,0,0,1,386.11,0.0,,0.0
unikum,14,0,0,3,386.09999999999997,0.0,,0.0
disney,4319,0,0,25,385.10999999999996,0.0,,0.0
doona,5,0,0,1,383.54,0.0,,0.0
sandisk,871,7,1,15,379.49,0.008036739380022962,0.14285714285714285,0.001148105625717566
simurg,36,0,0,1,379.42,0.0,,0.0
babor,533,0,0,10,376.86,0.0,,0.0
helios,333,0,0,6,375.85,0.0,,0.0
naomi,70,0,0,3,373.17,0.0,,0.0
cablexpert,2310,1,1,10,372.31,0.0004329004329004329,1.0,0.0004329004329004329
maisto,952,0,0,11,371.68,0.0,,0.0
farmavita,492,0,0,13,371.47,0.0,,0.0
rokids,254,0,0,3,370.92,0.0,,0.0
maestro,799,1,0,9,370.43999999999994,0.0012515644555694619,0.0,0.0
selective,593,0,0,8,369.39,0.0,,0.0
cyberpower,209,0,0,2,368.36,0.0,,0.0
smiger,176,0,0,3,368.08,0.0,,0.0
mantra,1267,0,0,1,366.9,0.0,,0.0
boyscout,2931,8,0,37,366.63,0.002729443875810304,0.0,0.0
mebels,253,0,0,3,364.5,0.0,,0.0
snowcap,1515,2,0,10,363.76,0.0013201320132013201,0.0,0.0
gazpromneft,2104,0,0,34,361.88,0.0,,0.0
hiper,2112,0,0,25,361.56,0.0,,0.0
fitbit,1525,0,0,2,360.32,0.0,,0.0
skytech,751,0,0,14,359.94,0.0,,0.0
atrai,485,0,0,3,359.07,0.0,,0.0
hausmann,2537,0,0,24,357.42,0.0,,0.0
baldessarini,146,0,0,6,354.84999999999997,0.0,,0.0
yuandong,93,0,0,1,353.29,0.0,,0.0
portcase,930,39,13,39,351.07,0.041935483870967745,0.3333333333333333,0.013978494623655914
grillver,1811,0,0,3,350.97,0.0,,0.0
wortex,682,0,0,6,350.44,0.0,,0.0
bsa-wheels,24,0,0,1,349.56,0.0,,0.0
pinus,116,0,0,1,349.28,0.0,,0.0
calve,912,0,0,12,348.71,0.0,,0.0
babywood,315,3,1,1,347.73,0.009523809523809525,0.3333333333333333,0.0031746031746031746
altair,630,0,0,3,347.49,0.0,,0.0
rw,403,0,0,4,344.83,0.0,,0.0
yokatta,153,0,0,1,343.38,0.0,,0.0
whistler,383,0,0,7,342.37,0.0,,0.0
edifier,1105,5,1,10,341.93,0.004524886877828055,0.2,0.0009049773755656109
korin,79,0,0,3,340.03000000000003,0.0,,0.0
babygo,461,0,0,4,338.48,0.0,,0.0
lonex,678,0,0,5,337.72,0.0,,0.0
goo.n,503,23,11,19,336.59000000000003,0.04572564612326044,0.4782608695652174,0.02186878727634195
romack,414,0,0,1,334.63,0.0,,0.0
cayin,236,0,0,1,334.55,0.0,,0.0
baratto,983,0,0,5,334.36,0.0,,0.0
scoole,1090,6,0,12,334.13,0.005504587155963303,0.0,0.0
homy,207,0,0,12,333.6,0.0,,0.0
lifedeco,119,0,0,4,331.95,0.0,,0.0
info,571,0,0,2,328.96,0.0,,0.0
kyocera,62,0,0,1,327.69,0.0,,0.0
globber,661,2,1,4,327.0,0.0030257186081694403,0.5,0.0015128593040847202
avene,593,0,0,23,326.63,0.0,,0.0
orange,1751,22,4,22,326.15,0.012564249000571102,0.18181818181818182,0.002284408909194746
abtoys,326,0,0,7,324.17,0.0,,0.0
anon,292,0,0,4,322.94,0.0,,0.0
dirkje,1405,0,0,8,322.0,0.0,,0.0
ladida,862,2,1,11,321.96,0.002320185614849188,0.5,0.001160092807424594
gt,373,0,0,1,321.5,0.0,,0.0
sakura,691,0,0,18,319.7,0.0,,0.0
granicom,171,0,0,6,318.15,0.0,,0.0
mefro,415,0,0,6,316.62,0.0,,0.0
madina,119,0,0,7,315.34999999999997,0.0,,0.0
jinjianfeng,157,0,0,9,312.75,0.0,,0.0
arena,1565,0,0,7,312.22,0.0,,0.0
romax,514,0,0,2,310.69,0.0,,0.0
sospiro,58,0,0,1,310.43,0.0,,0.0
blam,461,0,0,3,310.16999999999996,0.0,,0.0
nutribullet,215,0,0,5,308.9,0.0,,0.0
patrino,329,6,3,3,308.82,0.0182370820668693,0.5,0.00911854103343465
stinger,612,0,0,5,307.61,0.0,,0.0
intro,1083,24,8,19,306.03,0.0221606648199446,0.3333333333333333,0.007386888273314866
rextor,265,0,0,5,305.46999999999997,0.0,,0.0
greentek,1257,0,0,15,300.62,0.0,,0.0
plano,825,0,0,3,299.38,0.0,,0.0
graffiti,453,0,0,2,298.64,0.0,,0.0
samsonite,191,0,0,2,298.59000000000003,0.0,,0.0
schreuders,450,0,0,6,298.08,0.0,,0.0
hifiman,70,0,0,1,297.2,0.0,,0.0
maxima,584,0,0,10,295.74,0.0,,0.0
kronospan,1758,0,0,19,294.73,0.0,,0.0
avis,316,0,0,2,293.44,0.0,,0.0
ara,537,0,0,2,290.86,0.0,,0.0
koss,609,11,2,6,290.48,0.0180623973727422,0.18181818181818182,0.003284072249589491
pnb,475,0,0,54,289.91,0.0,,0.0
tenda,752,1,1,10,289.14,0.0013297872340425532,1.0,0.0013297872340425532
teknum,347,0,0,4,288.29,0.0,,0.0
scher-khan,1128,0,0,4,288.28,0.0,,0.0
iddis,263,0,0,5,287.9,0.0,,0.0
koffer,391,0,0,1,285.52,0.0,,0.0
fant-mebel,216,0,0,1,282.89,0.0,,0.0
acv,416,0,0,5,282.89,0.0,,0.0
zotac,349,1,0,4,279.43,0.0028653295128939827,0.0,0.0
urgaz,65,0,0,1,278.0,0.0,,0.0
destra,1000,0,0,8,278.0,0.0,,0.0
arsi,1022,0,0,5,276.71,0.0,,0.0
danielklein,420,0,0,9,275.69,0.0,,0.0
colombo,380,0,0,7,275.51,0.0,,0.0
a-case,4777,16,3,58,275.26,0.0033493824576093785,0.1875,0.0006280092108017584
bethesda,946,8,5,13,274.41,0.008456659619450317,0.625,0.005285412262156448
ballistix,123,0,0,3,273.29,0.0,,0.0
fissman,800,0,0,6,272.85,0.0,,0.0
sly,1565,0,0,8,270.37,0.0,,0.0
geitaran,237,0,0,2,270.28,0.0,,0.0
anta,496,0,0,3,270.2,0.0,,0.0
lidonet,1056,0,0,14,268.15,0.0,,0.0
boss,106,0,0,1,267.7,0.0,,0.0
etro,108,0,0,1,266.67,0.0,,0.0
veho,2585,0,0,21,266.5,0.0,,0.0
yusufhali,103,0,0,1,264.87,0.0,,0.0
drjart,210,0,0,12,260.94,0.0,,0.0
orico,503,0,0,19,260.63,0.0,,0.0
antika,295,0,0,3,258.36,0.0,,0.0
crockid,4231,0,0,37,258.26,0.0,,0.0
proma,116,0,0,1,257.92,0.0,,0.0
coopervision,600,0,0,10,257.43,0.0,,0.0
incar,1247,0,0,2,257.4,0.0,,0.0
cellio,828,0,0,8,257.36,0.0,,0.0
salmo,792,0,0,16,255.74,0.0,,0.0
pinskdrev,532,0,0,2,254.01,0.0,,0.0
koopman,2183,0,0,20,253.82999999999998,0.0,,0.0
ant,263,0,0,1,252.26,0.0,,0.0
tesoro,2450,0,0,5,251.1,0.0,,0.0
deuter,152,0,0,1,248.14,0.0,,0.0
mora,416,0,0,2,247.86,0.0,,0.0
esse,100,0,0,5,246.22,0.0,,0.0
plextor,233,0,0,4,245.3,0.0,,0.0
oribel,6,0,0,1,245.12,0.0,,0.0
biomecanics,912,0,0,4,244.52999999999997,0.0,,0.0
vibe,163,0,0,3,244.27,0.0,,0.0
troyka,1018,30,15,21,244.2,0.029469548133595286,0.5,0.014734774066797643
keddo,1197,0,0,6,244.18,0.0,,0.0
gulliver,3190,0,0,15,242.71,0.0,,0.0
steba,47,3,2,2,241.92,0.06382978723404255,0.6666666666666666,0.0425531914893617
i-baby,308,0,0,7,241.81,0.0,,0.0
maxi,142,0,0,8,239.89000000000001,0.0,,0.0
lumme,1652,0,0,13,237.42000000000002,0.0,,0.0
rochas,112,0,0,5,237.23000000000002,0.0,,0.0
cityup,487,0,0,5,236.81,0.0,,0.0
hammer,363,0,0,3,235.73,0.0,,0.0
europrint,176,0,0,12,234.84,0.0,,0.0
davidoff,281,0,0,6,234.66,0.0,,0.0
d-clinic,350,0,0,8,234.23,0.0,,0.0
wallberry,1890,0,0,19,232.38,0.0,,0.0
wurth,467,0,0,8,231.92000000000002,0.0,,0.0
bentley,36,0,0,1,231.64,0.0,,0.0
mz,865,0,0,5,231.54,0.0,,0.0
tesler,252,0,0,3,230.88,0.0,,0.0
promozer,221,0,0,12,230.13,0.0,,0.0
trianglegroup,31,0,0,3,229.35000000000002,0.0,,0.0
tv-shop,324,0,0,9,229.32,0.0,,0.0
agl,5586,0,0,2,229.1,0.0,,0.0
memo,217,0,0,1,229.09,0.0,,0.0
standard,38,0,0,2,227.9,0.0,,0.0
ausini,1195,13,1,17,227.19,0.010878661087866108,0.07692307692307693,0.0008368200836820083
syntrax,549,0,0,7,227.17000000000002,0.0,,0.0
victorinox,578,0,0,7,223.43,0.0,,0.0
capella,96,0,0,1,218.8,0.0,,0.0
micro,140,0,0,3,217.51,0.0,,0.0
kaplanser,56,0,0,2,217.25,0.0,,0.0
kapika,320,0,0,3,216.14999999999998,0.0,,0.0
attribute,433,0,0,9,215.72,0.0,,0.0
serebro,441,0,0,54,215.68,0.0,,0.0
natrol,542,0,0,18,215.58,0.0,,0.0
kastamonu,424,0,0,13,211.13,0.0,,0.0
milano,337,0,0,1,210.54,0.0,,0.0
guangwei,692,0,0,16,209.31,0.0,,0.0
kampfer,439,1,1,2,208.74,0.002277904328018223,1.0,0.002277904328018223
corsair,334,0,0,2,208.44,0.0,,0.0
momentum,138,0,0,1,207.98,0.0,,0.0
christina,363,0,0,7,207.71,0.0,,0.0
walfix,839,1,0,14,207.06,0.0011918951132300357,0.0,0.0
nioxin,256,0,0,5,205.95,0.0,,0.0
venti,142,0,0,1,205.93,0.0,,0.0
mateus,227,0,0,1,205.93,0.0,,0.0
sms,610,0,0,20,205.79999999999998,0.0,,0.0
joyroom,616,6,2,14,205.72,0.00974025974025974,0.3333333333333333,0.003246753246753247
blanco,365,0,0,1,204.79,0.0,,0.0
crusader,7,0,0,1,203.35,0.0,,0.0
leco,326,0,0,2,201.62,0.0,,0.0
tutti,422,0,0,6,200.76,0.0,,0.0
fancy,681,0,0,16,200.32999999999998,0.0,,0.0
dbpower,257,0,0,3,200.01,0.0,,0.0
joe,21,0,0,1,199.23,0.0,,0.0
omoikiri,375,0,0,1,199.05,0.0,,0.0
deerma,515,0,0,9,198.99,0.0,,0.0
yacco,1630,0,0,7,198.95999999999998,0.0,,0.0
dls,628,0,0,2,198.2,0.0,,0.0
kale,62,0,0,1,196.71,0.0,,0.0
smoby,531,0,0,1,195.63,0.0,,0.0
sigma,834,0,0,2,195.12,0.0,,0.0
yema,4790,0,0,4,194.6,0.0,,0.0
travellight,132,0,0,4,194.34,0.0,,0.0
karaja,643,0,0,11,194.08,0.0,,0.0
similac,572,0,0,17,192.86,0.0,,0.0
jeep,224,0,0,1,190.22,0.0,,0.0
naranda,43,0,0,2,189.2,0.0,,0.0
gerbor,451,0,0,1,188.94,0.0,,0.0
bovidix,2425,0,0,18,186.67000000000002,0.0,,0.0
progress,98,0,0,1,185.91,0.0,,0.0
reluce,480,0,0,12,185.57999999999998,0.0,,0.0
panouge,255,0,0,4,185.34,0.0,,0.0
stonelock,99,0,0,1,185.33,0.0,,0.0
baboo,320,0,0,8,184.83,0.0,,0.0
listvig,434,0,0,1,184.05,0.0,,0.0
adelline,456,0,0,9,184.05,0.0,,0.0
elco,648,0,0,8,183.28,0.0,,0.0
yunteng,256,0,0,4,183.27,0.0,,0.0
caraya,50,0,0,2,182.76,0.0,,0.0
centara,450,0,0,5,181.99,0.0,,0.0
konov,213,0,0,1,180.18,0.0,,0.0
kiddy,88,0,0,1,179.77,0.0,,0.0
apc,245,2,2,3,179.47,0.00816326530612245,1.0,0.00816326530612245
bamboo,54,0,0,2,178.12,0.0,,0.0
ramili,220,4,1,4,176.55,0.01818181818181818,0.25,0.004545454545454545
magellan,809,5,2,8,174.25,0.006180469715698393,0.4,0.002472187886279357
vtech,382,0,0,3,174.01,0.0,,0.0
mexx,360,0,0,9,173.63,0.0,,0.0
stabila,93,0,0,1,173.29,0.0,,0.0
nero,230,0,0,6,173.07999999999998,0.0,,0.0
yota,70,0,0,6,172.45999999999998,0.0,,0.0
artway,261,0,0,2,172.45999999999998,0.0,,0.0
scierra,811,0,0,2,172.41,0.0,,0.0
crane,491,2,2,2,172.0,0.004073319755600814,1.0,0.004073319755600814
milat,831,0,0,2,171.94,0.0,,0.0
besafe,46,0,0,1,171.18,0.0,,0.0
redblu,46,0,0,1,171.15,0.0,,0.0
elf,900,0,0,7,169.89000000000001,0.0,,0.0
salewa,357,0,0,1,169.89,0.0,,0.0
genki,216,0,0,12,169.85999999999999,0.0,,0.0
timson,1121,28,11,11,169.62,0.024977698483496878,0.39285714285714285,0.009812667261373774
scivation,65,0,0,5,169.1,0.0,,0.0
ogreen,18,0,0,1,167.57,0.0,,0.0
zoom,292,0,0,1,167.31,0.0,,0.0
parrot,678,0,0,1,167.31,0.0,,0.0
wonderlab,647,0,0,18,167.21,0.0,,0.0
sdt,172,0,0,2,166.28,0.0,,0.0
sinbo,492,0,0,7,166.03,0.0,,0.0
ducray,321,0,0,9,165.51,0.0,,0.0
glamvers,351,0,0,2,165.0,0.0,,0.0
puckator,907,0,0,9,164.61,0.0,,0.0
vokul,44,0,0,2,164.22,0.0,,0.0
marta,1023,7,2,6,163.31,0.006842619745845552,0.2857142857142857,0.0019550342130987292
myprotein,146,0,0,4,163.18,0.0,,0.0
yika,149,0,0,3,162.18,0.0,,0.0
ken,225,0,0,2,162.18,0.0,,0.0
blenderbottle,205,0,0,7,162.16000000000003,0.0,,0.0
lite-on,155,0,0,5,161.01999999999998,0.0,,0.0
air-cool,612,7,1,11,160.56,0.011437908496732025,0.14285714285714285,0.0016339869281045752
adamas,88,0,0,1,159.59,0.0,,0.0
graco,334,0,0,2,158.04,0.0,,0.0
payot,187,0,0,4,156.21,0.0,,0.0
isntree,222,0,0,8,155.48,0.0,,0.0
edcon,121,0,0,2,154.45,0.0,,0.0
autojet,105,0,0,3,154.44,0.0,,0.0
kovea,543,0,0,3,154.38,0.0,,0.0
gesso,133,0,0,3,154.38,0.0,,0.0
prolike,756,0,0,3,153.66,0.0,,0.0
chieftec,66,0,0,1,152.11,0.0,,0.0
thorvik,471,0,0,2,151.36,0.0,,0.0
moliabal,1076,0,0,7,151.15,0.0,,0.0
etalon,350,0,0,4,148.26999999999998,0.0,,0.0
nobby,857,11,1,10,147.45,0.012835472578763127,0.09090909090909091,0.0011668611435239206
samo,266,0,0,11,147.24,0.0,,0.0
micron,60,0,0,1,146.46,0.0,,0.0
elitech,92,0,0,1,145.72,0.0,,0.0
babymoov,104,0,0,1,144.15,0.0,,0.0
casela,13,0,0,4,143.32,0.0,,0.0
petro-canada,312,0,0,10,142.76999999999998,0.0,,0.0
now,226,0,0,8,142.35,0.0,,0.0
vako,308,0,0,2,141.91,0.0,,0.0
tundra,862,0,0,3,141.57999999999998,0.0,,0.0
bluesonic,367,0,0,2,141.57,0.0,,0.0
slider,183,0,0,1,141.55,0.0,,0.0
magma,51,0,0,1,141.55,0.0,,0.0
foligain,81,0,0,5,140.95000000000002,0.0,,0.0
colorful,203,0,0,1,140.67,0.0,,0.0
beurer,453,0,0,2,140.60999999999999,0.0,,0.0
noppies,3779,0,0,4,140.29999999999998,0.0,,0.0
eltempo,50,0,0,2,140.02,0.0,,0.0
aoki,39,0,0,1,138.97,0.0,,0.0
scooter,253,2,0,6,138.94,0.007905138339920948,0.0,0.0
fendi,114,0,0,3,138.21,0.0,,0.0
vitebskiekovry,487,0,0,2,136.68,0.0,,0.0
nillkin,2554,0,0,17,135.86,0.0,,0.0
goodloot,960,13,3,9,135.17,0.013541666666666667,0.23076923076923078,0.003125
greenpro,197,0,0,3,135.04,0.0,,0.0
nomad,267,0,0,2,133.8,0.0,,0.0
alcon,837,0,0,8,133.35,0.0,,0.0
guerisson,389,0,0,8,132.82999999999998,0.0,,0.0
damper,60,0,0,2,132.32,0.0,,0.0
palmers,413,0,0,17,132.3,0.0,,0.0
parkwood,30,0,0,1,131.28,0.0,,0.0
royal,918,0,0,4,130.20000000000002,0.0,,0.0
catunltd,1297,0,0,2,129.74,0.0,,0.0
verossa,282,0,0,4,128.7,0.0,,0.0
greentree,382,0,0,1,128.68,0.0,,0.0
martinez,13,0,0,1,128.19,0.0,,0.0
head,274,0,0,2,127.67,0.0,,0.0
ugreen,610,0,0,8,127.08,0.0,,0.0
fisherman,609,0,0,5,127.06,0.0,,0.0
neposeda,424,0,0,5,126.15,0.0,,0.0
kipocket,343,0,0,10,126.1,0.0,,0.0
babyono,344,0,0,6,126.0,0.0,,0.0
rodi,171,3,2,3,125.78999999999999,0.017543859649122806,0.6666666666666666,0.011695906432748537
breezeboat,296,0,0,1,125.52,0.0,,0.0
arpenaz,729,0,0,12,125.48,0.0,,0.0
devos,576,0,0,1,125.36,0.0,,0.0
dickie,129,0,0,6,124.95,0.0,,0.0
taxi,77,0,0,2,124.45,0.0,,0.0
stalker,250,0,0,2,123.5,0.0,,0.0
changerobot,230,0,0,3,123.47999999999999,0.0,,0.0
bambi,95,0,0,1,123.04,0.0,,0.0
afox,351,0,0,1,121.35,0.0,,0.0
bravis,410,9,3,6,120.64,0.02195121951219512,0.3333333333333333,0.007317073170731708
rheinberger,484,0,0,3,120.21000000000001,0.0,,0.0
polese,68,0,0,3,118.92,0.0,,0.0
evgo,141,0,0,1,118.9,0.0,,0.0
estap,144,0,0,1,118.62,0.0,,0.0
shakira,305,0,0,7,118.2,0.0,,0.0
nixx,116,0,0,1,117.12,0.0,,0.0
barokko,918,0,0,9,116.04,0.0,,0.0
kraftool,593,0,0,1,115.83,0.0,,0.0
alca,739,0,0,3,115.83,0.0,,0.0
note,621,0,0,10,115.12,0.0,,0.0
fitchbaby,224,0,0,3,115.05000000000001,0.0,,0.0
kativa,863,0,0,10,114.55,0.0,,0.0
boucheron,91,0,0,3,113.75999999999999,0.0,,0.0
tima,325,0,0,5,113.22999999999999,0.0,,0.0
musclepharm,106,0,0,1,113.13,0.0,,0.0
xinyu,222,0,0,13,112.89,0.0,,0.0
amalbooks,188,0,0,10,111.62,0.0,,0.0
fresh,67,1,0,1,110.66,0.014925373134328358,0.0,0.0
riken,111,0,0,5,109.39999999999999,0.0,,0.0
hellion,66,0,0,2,108.12,0.0,,0.0
x-level,1760,4,2,7,107.93,0.0022727272727272726,0.5,0.0011363636363636363
s-oil,422,0,0,6,107.86,0.0,,0.0
tuarex,35,0,0,2,105.86,0.0,,0.0
nomi,25,0,0,1,105.28,0.0,,0.0
tobot,210,0,0,3,105.09,0.0,,0.0
romer,87,0,0,1,104.25,0.0,,0.0
cullmann,189,0,0,2,104.25,0.0,,0.0
kerastase,46,0,0,2,104.15,0.0,,0.0
laufen,461,0,0,3,103.71000000000001,0.0,,0.0
touchbeauty,797,0,0,4,103.46000000000001,0.0,,0.0
babyhit,473,0,0,2,103.06,0.0,,0.0
yh,117,0,0,1,102.94,0.0,,0.0
schneider,608,0,0,1,102.42,0.0,,0.0
poopsie,253,0,0,1,101.91,0.0,,0.0
besty,1040,0,0,9,101.44,0.0,,0.0
luris,712,0,0,3,101.32,0.0,,0.0
funville,243,0,0,4,100.92,0.0,,0.0
rezult,636,0,0,6,100.52,0.0,,0.0
circle,85,0,0,1,100.39,0.0,,0.0
babybotte,1549,0,0,3,100.39,0.0,,0.0
zhejiang,5,0,0,2,100.34,0.0,,0.0
ferre,35,0,0,1,100.07,0.0,,0.0
alumet,4,0,0,1,99.87,0.0,,0.0
dulevskijfarfor,146,0,0,1,98.35,0.0,,0.0
finezza,321,0,0,5,98.3,0.0,,0.0
zic,589,0,0,5,97.82,0.0,,0.0
adagio,34,0,0,1,97.81,0.0,,0.0
vans,931,0,0,1,97.56,0.0,,0.0
coolermaster,13,0,0,1,97.29,0.0,,0.0
tch,574,0,0,2,97.03999999999999,0.0,,0.0
mikrotik,132,0,0,2,96.62,0.0,,0.0
lcf,234,0,0,6,96.39,0.0,,0.0
elegant,667,0,0,8,96.02000000000001,0.0,,0.0
beisier,230,0,0,2,95.24,0.0,,0.0
taller,724,0,0,5,95.11,0.0,,0.0
lirene,749,0,0,16,94.96000000000001,0.0,,0.0
zenmart,39,0,0,1,94.47,0.0,,0.0
fivestars,160,0,0,4,93.96,0.0,,0.0
gerber,1255,0,0,27,93.64,0.0,,0.0
kuttenkeuler,599,0,0,3,93.57000000000001,0.0,,0.0
bro,258,0,0,2,92.93,0.0,,0.0
leaderkids,38,0,0,2,92.66,0.0,,0.0
jasmine,729,0,0,2,92.66,0.0,,0.0
pqi,52,0,0,3,92.61,0.0,,0.0
ditreex,115,0,0,3,92.31,0.0,,0.0
sirius,575,0,0,7,91.91000000000001,0.0,,0.0
dox,407,0,0,14,91.44,0.0,,0.0
peruzzo,1226,0,0,1,91.12,0.0,,0.0
chilok,156,0,0,2,91.06,0.0,,0.0
belkin,186,2,1,7,90.41,0.010752688172043012,0.5,0.005376344086021506
steger,72,0,0,1,90.09,0.0,,0.0
audac,203,0,0,1,90.09,0.0,,0.0
delta,218,0,0,1,88.66,0.0,,0.0
upright,179,0,0,4,88.22,0.0,,0.0
arkadia,117,0,0,3,87.78,0.0,,0.0
ww,283,0,0,6,87.37,0.0,,0.0
k.k.y.,285,0,0,6,87.27,0.0,,0.0
framesi,369,0,0,3,86.74000000000001,0.0,,0.0
khw,118,2,1,1,86.72,0.01694915254237288,0.5,0.00847457627118644
joerex,936,0,0,7,86.5,0.0,,0.0
ocz,33,0,0,2,86.48,0.0,,0.0
wilson,355,0,0,2,85.95,0.0,,0.0
hintek,58,0,0,1,85.86,0.0,,0.0
mad,450,0,0,2,85.58999999999999,0.0,,0.0
ambition,733,0,0,10,85.16,0.0,,0.0
fischer,211,0,0,2,84.94999999999999,0.0,,0.0
kehan,33,0,0,1,84.94,0.0,,0.0
micromax,465,0,0,1,84.85,0.0,,0.0
daesung,270,0,0,2,84.42,0.0,,0.0
bombbar,205,0,0,4,83.77000000000001,0.0,,0.0
keune,559,0,0,4,83.72999999999999,0.0,,0.0
madcat,175,0,0,2,82.96,0.0,,0.0
graphite,632,0,0,1,82.73,0.0,,0.0
waspo,701,0,0,2,82.38,0.0,,0.0
bouncin,13,0,0,2,82.38,0.0,,0.0
superlux,111,0,0,1,82.37,0.0,,0.0
brevi,463,0,0,1,82.37,0.0,,0.0
cellucor,138,0,0,2,82.12,0.0,,0.0
tempish,391,0,0,2,81.86,0.0,,0.0
tega,730,0,0,7,81.13,0.0,,0.0
nivea,997,0,0,20,80.88,0.0,,0.0
handwers,1513,0,0,2,80.83,0.0,,0.0
atlas,7,0,0,1,80.76,0.0,,0.0
flormar,231,0,0,10,80.16,0.0,,0.0
helfer,820,0,0,1,79.8,0.0,,0.0
cowon,243,0,0,1,79.28,0.0,,0.0
meike,39,0,0,1,79.12,0.0,,0.0
avizor,412,0,0,13,78.8,0.0,,0.0
autovirazh,353,0,0,1,78.16,0.0,,0.0
belcat,109,0,0,1,77.22,0.0,,0.0
fit-rx,242,0,0,5,77.21000000000001,0.0,,0.0
sima-land,484,0,0,3,77.15,0.0,,0.0
acm,385,0,0,3,77.09,0.0,,0.0
basik,1316,0,0,4,76.28,0.0,,0.0
cerruti,41,0,0,2,76.05000000000001,0.0,,0.0
remix,582,0,0,1,75.97,0.0,,0.0
globex,85,0,0,1,74.62,0.0,,0.0
roca,754,0,0,2,72.88,0.0,,0.0
lina,124,0,0,2,72.08,0.0,,0.0
erisson,1010,0,0,2,72.08,0.0,,0.0
favourite,100,0,0,1,72.07,0.0,,0.0
topicrem,304,0,0,5,72.06,0.0,,0.0
spiegelau,186,2,2,2,72.02,0.010752688172043012,1.0,0.010752688172043012
annaanna,778,0,0,2,71.81,0.0,,0.0
haken,86,0,0,4,71.32,0.0,,0.0
aston,470,0,0,6,71.03,0.0,,0.0
jetem,363,1,0,2,69.5,0.0027548209366391185,0.0,0.0
akel,19,0,0,1,69.5,0.0,,0.0
sacvoyage,245,0,0,1,69.39,0.0,,0.0
abk,106,0,0,6,69.36,0.0,,0.0
interos,49,0,0,1,69.02,0.0,,0.0
higashi,192,0,0,1,68.8,0.0,,0.0
piatnik,382,3,2,3,68.73,0.007853403141361256,0.6666666666666666,0.005235602094240838
atelier,105,0,0,1,68.47,0.0,,0.0
maysun,78,2,1,1,67.93,0.02564102564102564,0.5,0.01282051282051282
estomoda,161,0,0,1,66.93,0.0,,0.0
ezetil,2371,0,0,1,66.9,0.0,,0.0
devente,14,0,0,1,66.34,0.0,,0.0
fotorama,87,0,0,2,65.37,0.0,,0.0
teamgroup,38,0,0,1,64.87,0.0,,0.0
kovroff,967,0,0,9,64.86,0.0,,0.0
doubleeagle,51,0,0,1,64.33,0.0,,0.0
zegan,35,0,0,2,64.30000000000001,0.0,,0.0
rebellion,199,0,0,2,64.09,0.0,,0.0
kambrook,95,0,0,1,63.82,0.0,,0.0
luxvisage,1160,0,0,20,63.45,0.0,,0.0
vulli,242,0,0,2,63.28,0.0,,0.0
faans,15,0,0,2,62.72,0.0,,0.0
airline,810,0,0,3,62.290000000000006,0.0,,0.0
bonita,126,0,0,7,62.160000000000004,0.0,,0.0
avs,158,0,0,1,61.88,0.0,,0.0
household,23,0,0,1,61.78,0.0,,0.0
nerf,104,0,0,1,61.52,0.0,,0.0
bestlife,116,2,1,5,60.760000000000005,0.017241379310344827,0.5,0.008620689655172414
sunbody,262,0,0,1,60.49,0.0,,0.0
brizoll,265,0,0,2,60.309999999999995,0.0,,0.0
qcyber,155,0,0,1,60.23,0.0,,0.0
toysmax,81,0,0,1,59.85,0.0,,0.0
geneticlabnutrition,179,0,0,4,59.72,0.0,,0.0
garnier,920,0,0,18,59.53,0.0,,0.0
wtflabz,15,0,0,2,59.46,0.0,,0.0
keneksi,488,3,1,4,58.56,0.006147540983606557,0.3333333333333333,0.0020491803278688526
ves,312,0,0,3,57.92999999999999,0.0,,0.0
alaia,37,0,0,1,57.92,0.0,,0.0
ford,45,0,0,1,57.89,0.0,,0.0
sariel,458,0,0,9,57.69,0.0,,0.0
zilmer,238,1,0,2,57.66,0.004201680672268907,0.0,0.0
ultraflash,401,5,1,5,57.66,0.012468827930174564,0.2,0.0024937655860349127
furreal,16,0,0,1,57.66,0.0,,0.0
nyce,232,0,0,1,57.4,0.0,,0.0
naturehike,1480,0,0,2,57.14,0.0,,0.0
topface,808,0,0,17,56.63,0.0,,0.0
pequetren,84,0,0,1,56.6,0.0,,0.0
pintinox,667,0,0,1,55.6,0.0,,0.0
ty,664,0,0,9,55.129999999999995,0.0,,0.0
lumion,136,0,0,2,55.08,0.0,,0.0
elektrostandard,153,0,0,1,54.83,0.0,,0.0
mekkan,282,0,0,1,54.46,0.0,,0.0
dopdrops,180,0,0,3,54.06,0.0,,0.0
os,119,0,0,2,54.0,0.0,,0.0
quechua,189,0,0,3,53.97,0.0,,0.0
energenie,40,0,0,3,53.97,0.0,,0.0
eurogold,294,10,5,7,53.9,0.034013605442176874,0.5,0.017006802721088437
polo,156,2,2,4,51.879999999999995,0.01282051282051282,1.0,0.01282051282051282
sonda,383,0,0,2,51.48,0.0,,0.0
erbis,63,0,0,1,51.22,0.0,,0.0
qazprotein,61,0,0,3,51.1,0.0,,0.0
swissline,159,0,0,3,50.9,0.0,,0.0
kromax,99,0,0,1,50.45,0.0,,0.0
hottek,331,0,0,3,50.269999999999996,0.0,,0.0
neptun,17,0,0,3,49.71,0.0,,0.0
finish,566,0,0,10,49.62,0.0,,0.0
alerana,293,0,0,7,49.04,0.0,,0.0
onhillsport,24,0,0,1,48.91,0.0,,0.0
mebelgrad,271,0,0,1,48.88,0.0,,0.0
enchantimals,21,0,0,1,48.88,0.0,,0.0
dunya,150,0,0,3,48.849999999999994,0.0,,0.0
lysvenskieemali,25,0,0,1,48.84,0.0,,0.0
segotep,196,0,0,4,48.53,0.0,,0.0
bloomsbury,60,0,0,3,48.12,0.0,,0.0
purederm,1115,0,0,24,48.010000000000005,0.0,,0.0
gembird,736,3,0,6,46.89,0.004076086956521739,0.0,0.0
wess,272,0,0,14,46.76,0.0,,0.0
dearest,40,0,0,1,46.33,0.0,,0.0
imetec,40,0,0,1,46.31,0.0,,0.0
tmnt,146,0,0,1,46.3,0.0,,0.0
dub,899,0,0,7,46.1,0.0,,0.0
biovea,52,0,0,2,46.07,0.0,,0.0
futura,159,0,0,1,45.95,0.0,,0.0
kingmax,202,0,0,2,45.26,0.0,,0.0
homeart,696,0,0,4,45.07,0.0,,0.0
mitre,526,0,0,1,45.05,0.0,,0.0
lubimyjdom,155,0,0,1,43.99,0.0,,0.0
mecta,82,0,0,1,43.76,0.0,,0.0
wangfeng,129,0,0,1,43.73,0.0,,0.0
playmates,158,0,0,1,43.24,0.0,,0.0
wincars,285,0,0,1,42.7,0.0,,0.0
enough,418,0,0,8,42.49,0.0,,0.0
huile,396,0,0,2,42.42,0.0,,0.0
betsy,1381,0,0,1,42.19,0.0,,0.0
kress,206,0,0,1,42.03,0.0,,0.0
takeit,363,3,0,3,41.91,0.008264462809917356,0.0,0.0
hq,106,0,0,1,41.16,0.0,,0.0
babolat,88,0,0,1,40.93,0.0,,0.0
uvelirnyetradicii,36,0,0,3,40.8,0.0,,0.0
leven,71,0,0,3,40.04,0.0,,0.0
sti,134,0,0,1,39.98,0.0,,0.0
lovular,141,0,0,2,39.64,0.0,,0.0
altinbasak,459,0,0,1,38.66,0.0,,0.0
insight,108,0,0,3,38.620000000000005,0.0,,0.0
minimen,450,0,0,1,38.61,0.0,,0.0
bluedio,121,4,1,1,38.59,0.03305785123966942,0.25,0.008264462809917356
rozenbal,782,0,0,3,37.84,0.0,,0.0
krosno,97,0,0,4,37.06,0.0,,0.0
egger,120,0,0,2,36.78,0.0,,0.0
softoy,155,0,0,3,36.58,0.0,,0.0
ipower,258,0,0,7,36.1,0.0,,0.0
tsubaki,186,0,0,5,36.04,0.0,,0.0
rcr,720,0,0,2,36.04,0.0,,0.0
prology,844,0,0,1,36.04,0.0,,0.0
colourpop,43,0,0,1,36.04,0.0,,0.0
steppuzzle,192,0,0,1,35.78,0.0,,0.0
art-visage,467,0,0,11,35.66,0.0,,0.0
tizo,81,0,0,3,35.28,0.0,,0.0
regatta,160,0,0,2,35.0,0.0,,0.0
freya,32,0,0,1,34.95,0.0,,0.0
tuncmatik,55,0,0,1,34.42,0.0,,0.0
pisen,292,0,0,2,34.370000000000005,0.0,,0.0
gehwol,373,0,0,3,34.24,0.0,,0.0
desigual,226,0,0,2,34.14,0.0,,0.0
carhome,12,0,0,2,33.98,0.0,,0.0
gelflex,320,0,0,2,33.46,0.0,,0.0
lezard,255,0,0,2,33.42,0.0,,0.0
uniforce,95,0,0,2,32.94,0.0,,0.0
lahn,83,0,0,1,32.89,0.0,,0.0
roxy,665,0,0,8,32.72,0.0,,0.0
playgro,677,1,0,3,32.61,0.0014771048744460858,0.0,0.0
meguin,184,0,0,1,32.12,0.0,,0.0
gracecole,219,0,0,2,31.990000000000002,0.0,,0.0
sterntaler,337,0,0,1,31.66,0.0,,0.0
monro,194,0,0,2,31.54,0.0,,0.0
berkley,193,0,0,2,31.4,0.0,,0.0
qnt,257,0,0,4,31.28,0.0,,0.0
erismann,179,0,0,2,31.27,0.0,,0.0
repetto,39,0,0,1,31.26,0.0,,0.0
goliath,155,0,0,1,31.02,0.0,,0.0
hikma,13,0,0,2,30.88,0.0,,0.0
carpisa,361,0,0,1,30.86,0.0,,0.0
holder,419,0,0,2,30.84,0.0,,0.0
ideal,413,14,3,4,30.8,0.03389830508474576,0.21428571428571427,0.007263922518159807
worwo,52,0,0,1,30.73,0.0,,0.0
krasatoys,242,0,0,1,30.63,0.0,,0.0
bio-oil,82,0,0,2,30.57,0.0,,0.0
beautycreations,73,0,0,4,30.38,0.0,,0.0
ortopazl,16,0,0,1,30.37,0.0,,0.0
algotherm,254,0,0,1,29.34,0.0,,0.0
nuxe,315,0,0,2,28.96,0.0,,0.0
wella,89,0,0,1,28.31,0.0,,0.0
mentor,116,3,1,1,28.29,0.02586206896551724,0.3333333333333333,0.008620689655172414
hairdorables,53,0,0,1,28.29,0.0,,0.0
blumarine,116,0,0,1,28.07,0.0,,0.0
sachiko,97,0,0,2,27.939999999999998,0.0,,0.0
knauf,337,3,1,6,27.84,0.008902077151335312,0.3333333333333333,0.002967359050445104
allocacoc,97,1,1,3,27.81,0.010309278350515464,1.0,0.010309278350515464
stikbot,63,0,0,1,27.77,0.0,,0.0
merzuka,217,0,0,1,27.6,0.0,,0.0
hama,113,0,0,2,27.28,0.0,,0.0
bueno,55,0,0,1,27.03,0.0,,0.0
loreal,245,0,0,5,26.830000000000002,0.0,,0.0
esthetichouse,16,0,0,2,26.78,0.0,,0.0
dekok,239,3,0,2,26.46,0.012552301255230125,0.0,0.0
gauss,167,4,0,4,26.2,0.023952095808383235,0.0,0.0
frozen,419,0,0,2,25.74,0.0,,0.0
vmv,177,0,0,1,25.71,0.0,,0.0
miracase,176,3,1,1,25.71,0.017045454545454544,0.3333333333333333,0.005681818181818182
cayee,134,0,0,1,25.71,0.0,,0.0
flambeau,546,0,0,1,25.7,0.0,,0.0
zuru,60,0,0,2,25.68,0.0,,0.0
ultravit,31,0,0,2,25.48,0.0,,0.0
sokany,41,0,0,1,25.48,0.0,,0.0
freeway,294,0,0,1,25.48,0.0,,0.0
ecolight,228,0,0,2,25.049999999999997,0.0,,0.0
magic,38,0,0,1,24.94,0.0,,0.0
telefunken,715,0,0,1,24.45,0.0,,0.0
soundstream,184,0,0,1,24.45,0.0,,0.0
moxom,298,2,0,1,24.45,0.006711409395973154,0.0,0.0
zinc,267,0,0,1,24.41,0.0,,0.0
hercules,76,0,0,1,24.17,0.0,,0.0
unison,104,0,0,1,23.68,0.0,,0.0
cifyurm,184,0,0,1,23.17,0.0,,0.0
polarring,80,0,0,1,23.16,0.0,,0.0
ecolab,501,0,0,5,23.16,0.0,,0.0
rubelli,169,0,0,1,23.04,0.0,,0.0
bessey,122,0,0,1,23.01,0.0,,0.0
keenway,1703,0,0,1,22.91,0.0,,0.0
mitte,114,0,0,1,22.63,0.0,,0.0
castorland,388,5,1,4,22.3,0.01288659793814433,0.2,0.002577319587628866
levrana,132,0,0,3,22.14,0.0,,0.0
vitaluce,321,0,0,2,22.08,0.0,,0.0
ipipoo,125,0,0,1,21.88,0.0,,0.0
ecoterm,147,0,0,1,21.65,0.0,,0.0
gk,29,0,0,1,21.24,0.0,,0.0
gigazone,165,1,1,2,21.06,0.006060606060606061,1.0,0.006060606060606061
tpmaster,28,0,0,1,20.59,0.0,,0.0
gaga,238,1,0,1,20.57,0.004201680672268907,0.0,0.0
zing,73,0,0,2,20.54,0.0,,0.0
inkax,1373,0,0,5,20.53,0.0,,0.0
renberg,100,0,0,1,20.48,0.0,,0.0
seintex,219,0,0,1,20.34,0.0,,0.0
obsessive,414,0,0,1,20.34,0.0,,0.0
shopkins,140,0,0,2,20.0,0.0,,0.0
mustela,82,0,0,2,19.56,0.0,,0.0
beyonce,91,0,0,1,18.92,0.0,,0.0
palisad,601,0,0,1,18.02,0.0,,0.0
dotemu,2,0,0,1,17.99,0.0,,0.0
mr.pixel,11,0,0,1,17.93,0.0,,0.0
humana,322,0,0,2,17.25,0.0,,0.0
bibalina,156,0,0,1,17.25,0.0,,0.0
colorfix,65,0,0,2,17.21,0.0,,0.0
jika,141,1,0,3,17.04,0.0070921985815602835,0.0,0.0
vlk,71,0,0,1,16.96,0.0,,0.0
desatoekorolevstvo,56,1,1,1,16.71,0.017857142857142856,1.0,0.017857142857142856
g-cube,217,0,0,2,16.689999999999998,0.0,,0.0
namazu,140,0,0,1,16.59,0.0,,0.0
balterio,82,0,0,1,16.39,0.0,,0.0
doliva,265,0,0,2,16.28,0.0,,0.0
garage,22,0,0,1,15.74,0.0,,0.0
acron,40,2,1,1,15.42,0.05,0.5,0.025
plantex,190,0,0,1,15.38,0.0,,0.0
vip,123,0,0,1,15.37,0.0,,0.0
cocochoco,95,0,0,1,15.19,0.0,,0.0
compliment,132,0,0,3,14.93,0.0,,0.0
qvs,160,0,0,3,14.73,0.0,,0.0
heidelbergcement,46,0,0,4,14.6,0.0,,0.0
cameron,177,3,1,1,14.59,0.01694915254237288,0.3333333333333333,0.005649717514124294
berber,194,0,0,1,14.55,0.0,,0.0
lorealparis,18,0,0,1,14.54,0.0,,0.0
smartbuy,305,0,0,3,14.42,0.0,,0.0
libero,102,0,0,1,14.36,0.0,,0.0
nutrilak,70,0,0,3,14.25,0.0,,0.0
masstone,41,0,0,1,13.9,0.0,,0.0
ship,246,0,0,3,13.830000000000002,0.0,,0.0
petitfee,36,0,0,1,13.55,0.0,,0.0
bombcat,57,0,0,1,13.18,0.0,,0.0
domcraft,704,0,0,1,13.13,0.0,,0.0
weider,35,0,0,1,12.87,0.0,,0.0
marmiton,171,5,2,2,12.82,0.029239766081871343,0.4,0.011695906432748537
barer,87,1,1,2,12.82,0.011494252873563218,1.0,0.011494252873563218
kerasys,272,0,0,2,12.49,0.0,,0.0
a-derma,126,0,0,1,12.36,0.0,,0.0
kakadu,19,0,0,1,12.25,0.0,,0.0
concept,89,0,0,1,11.97,0.0,,0.0
acqua,111,1,0,4,11.84,0.009009009009009009,0.0,0.0
greenland,106,0,0,2,11.780000000000001,0.0,,0.0
galacticos,203,0,0,3,11.71,0.0,,0.0
genlog,850,0,0,1,11.61,0.0,,0.0
starway,37,0,0,1,11.58,0.0,,0.0
anskin,173,0,0,2,11.58,0.0,,0.0
lador,52,0,0,1,10.99,0.0,,0.0
kari,527,11,2,2,10.760000000000002,0.020872865275142316,0.18181818181818182,0.003795066413662239
wenyi,93,0,0,1,10.71,0.0,,0.0
ardell,240,0,0,1,10.67,0.0,,0.0
mercusys,88,0,0,1,10.55,0.0,,0.0
garant,289,0,0,3,10.41,0.0,,0.0
corpus,38,0,0,1,10.17,0.0,,0.0
miescarpe,42,0,0,1,10.04,0.0,,0.0
hycell,421,0,0,1,10.04,0.0,,0.0
floresan,74,0,0,2,9.9,0.0,,0.0
trespass,181,0,0,2,9.52,0.0,,0.0
jigott,71,0,0,2,9.5,0.0,,0.0
zara,72,0,0,1,9.25,0.0,,0.0
klorane,282,0,0,1,9.01,0.0,,0.0
firepower,445,0,0,1,8.98,0.0,,0.0
superfine,10,0,0,1,8.21,0.0,,0.0
relouis,323,0,0,3,8.100000000000001,0.0,,0.0
bel,21,0,0,1,8.03,0.0,,0.0
trendbeauty,15,0,0,1,7.98,0.0,,0.0
cralusso,147,0,0,1,7.9,0.0,,0.0
nici,152,0,0,2,7.72,0.0,,0.0
codemasters,88,0,0,1,7.72,0.0,,0.0
klx,92,0,0,1,7.7,0.0,,0.0
jb,247,6,1,1,7.7,0.024291497975708502,0.16666666666666666,0.004048582995951417
sluban,40,0,0,1,7.46,0.0,,0.0
lefard,377,0,0,1,7.23,0.0,,0.0
instyle,37,0,0,2,7.2,0.0,,0.0
kisswill,616,0,0,4,6.97,0.0,,0.0
malva,89,0,0,1,6.95,0.0,,0.0
prc,603,0,0,2,6.68,0.0,,0.0
hibertek,28,0,0,1,6.33,0.0,,0.0
bot,310,0,0,1,6.31,0.0,,0.0
evamosaic,55,0,0,2,6.12,0.0,,0.0
addlink,43,0,0,1,5.89,0.0,,0.0
yegam,158,0,0,2,5.83,0.0,,0.0
estel,249,0,0,1,5.68,0.0,,0.0
cafemimi,355,0,0,2,5.66,0.0,,0.0
kapous,163,0,0,1,5.41,0.0,,0.0
essence,78,0,0,2,5.41,0.0,,0.0
manhattan,333,0,0,1,5.35,0.0,,0.0
wk,237,0,0,1,5.15,0.0,,0.0
privia,18,0,0,1,5.15,0.0,,0.0
borasco,106,0,0,1,5.15,0.0,,0.0
muqaba,41,0,0,1,5.12,0.0,,0.0
plamers,4,0,0,1,4.73,0.0,,0.0
mutsy,96,0,0,5,4.5,0.0,,0.0
neoclassic,18,0,0,2,4.38,0.0,,0.0
melitta,1138,0,0,1,4.25,0.0,,0.0
bisou,245,0,0,1,3.86,0.0,,0.0
vionne,8,0,0,1,3.84,0.0,,0.0
global,649,3,0,1,3.84,0.004622496147919877,0.0,0.0
jocelyn,18,0,0,1,3.77,0.0,,0.0
libbey,36,0,0,1,3.76,0.0,,0.0
rimmel,6,0,0,1,3.52,0.0,,0.0
viviennesabo,89,0,0,2,3.3,0.0,,0.0
wuw,637,0,0,1,3.09,0.0,,0.0
cettua,178,0,0,1,2.55,0.0,,0.0
heinz,28,0,0,2,2.16,0.0,,0.0
feron,168,0,0,1,1.93,0.0,,0.0
kleancolor,4,0,0,1,1.67,0.0,,0.0
zyxel,174,0,0,0,0.0,0.0,,0.0
zvezda,22,0,0,0,0.0,0.0,,0.0
zpao,2,0,0,0,0.0,0.0,,0.0
zorg,52,0,0,0,0.0,0.0,,0.0
zoops,46,0,0,0,0.0,0.0,,0.0
zolotoeruno,57,0,0,0,0.0,0.0,,0.0
zobo,2,0,0,0,0.0,0.0,,0.0
zmi,86,0,0,0,0.0,0.0,,0.0
zinvo,57,0,0,0,0.0,0.0,,0.0
zilli,12,0,0,0,0.0,0.0,,0.0
zhejiangjiajia,6,0,0,0,0.0,0.0,,0.0
zfts,84,0,0,0,0.0,0.0,,0.0
zerten,114,0,0,0,0.0,0.0,,0.0
zenzia,1,0,0,0,0.0,0.0,,0.0
zengen,527,0,0,0,0.0,0.0,,0.0
zebratoys,692,0,0,0,0.0,0.0,,0.0
zazu,1,0,0,0,0.0,0.0,,0.0
zass,4,0,0,0,0.0,0.0,,0.0
zarkoperfume,22,0,0,0,0.0,0.0,,0.0
zangavar,9,0,0,0,0.0,0.0,,0.0
zancaster,3,0,0,0,0.0,0.0,,0.0
zadoor,259,0,0,0,0.0,0.0,,0.0
zabiaka,5,0,0,0,0.0,0.0,,0.0
yvesrocher,60,0,0,0,0.0,0.0,,0.0
yuneec,2,0,0,0,0.0,0.0,,0.0
yulu,142,0,0,0,0.0,0.0,,0.0
yuka,14,0,0,0,0.0,0.0,,0.0
yst,13,0,0,0,0.0,0.0,,0.0
yoyofactory,8,0,0,0,0.0,0.0,,0.0
yotrix,41,0,0,0,0.0,0.0,,0.0
yoobao,1,0,0,0,0.0,0.0,,0.0
yokosun,2,0,0,0,0.0,0.0,,0.0
yison,1,0,0,0,0.0,0.0,,0.0
yes,17,0,0,0,0.0,0.0,,0.0
yellow,6,0,0,0,0.0,0.0,,0.0
yasham,58,0,0,0,0.0,0.0,,0.0
yardforce,17,0,0,0,0.0,0.0,,0.0
yaole,2,0,0,0,0.0,0.0,,0.0
yamaguchi,540,3,0,0,0.0,0.005555555555555556,0.0,0.0
xti,10,0,0,0,0.0,0.0,,0.0
xieming,84,0,0,0,0.0,0.0,,0.0
xiaoyueliangtoys,3,0,0,0,0.0,0.0,,0.0
x-digital,59,0,0,0,0.0,0.0,,0.0
wuben,52,0,0,0,0.0,0.0,,0.0
wowwee,316,0,0,0,0.0,0.0,,0.0
worth,15,0,0,0,0.0,0.0,,0.0
work,38,0,0,0,0.0,0.0,,0.0
wolf,19,0,0,0,0.0,0.0,,0.0
woddon,171,0,0,0,0.0,0.0,,0.0
wltoys,21,0,0,0,0.0,0.0,,0.0
wize,4,0,0,0,0.0,0.0,,0.0
withings,248,0,0,0,0.0,0.0,,0.0
wintek,139,0,0,0,0.0,0.0,,0.0
wing,27,0,0,0,0.0,0.0,,0.0
winda,49,0,0,0,0.0,0.0,,0.0
wind,8,0,0,0,0.0,0.0,,0.0
wilmax,14,0,0,0,0.0,0.0,,0.0
willmax,91,0,0,0,0.0,0.0,,0.0
wibtek,3,0,0,0,0.0,0.0,,0.0
westone,54,0,0,0,0.0,0.0,,0.0
westmark,49,0,0,0,0.0,0.0,,0.0
westlake,4,0,0,0,0.0,0.0,,0.0
westerndigital,12,0,0,0,0.0,0.0,,0.0
wester,135,0,0,0,0.0,0.0,,0.0
wert,156,0,0,0,0.0,0.0,,0.0
werner,70,0,0,0,0.0,0.0,,0.0
wera,4104,0,0,0,0.0,0.0,,0.0
wensheng,5,0,0,0,0.0,0.0,,0.0
wengemotion,11,0,0,0,0.0,0.0,,0.0
welldone,5,0,0,0,0.0,0.0,,0.0
welcos,1,0,0,0,0.0,0.0,,0.0
weina,50,0,0,0,0.0,0.0,,0.0
weichao,9,0,0,0,0.0,0.0,,0.0
wehncke,301,0,0,0,0.0,0.0,,0.0
weber-vetonit,22,0,0,0,0.0,0.0,,0.0
weber,13,0,0,0,0.0,0.0,,0.0
waterworld,16,0,0,0,0.0,0.0,,0.0
warmic,3,0,0,0,0.0,0.0,,0.0
wader,4,0,0,0,0.0,0.0,,0.0
vt,43,0,0,0,0.0,0.0,,0.0
vplaboratory,2,0,0,0,0.0,0.0,,0.0
voyager,9,0,0,0,0.0,0.0,,0.0
vox,19,0,0,0,0.0,0.0,,0.0
vov,7,0,0,0,0.0,0.0,,0.0
vossen,559,0,0,0,0.0,0.0,,0.0
vortex,25,0,0,0,0.0,0.0,,0.0
vorson,1,0,0,0,0.0,0.0,,0.0
volkl,103,0,0,0,0.0,0.0,,0.0
volcano,55,0,0,0,0.0,0.0,,0.0
vokter,27,0,0,0,0.0,0.0,,0.0
voin,5,0,0,0,0.0,0.0,,0.0
voda,21,0,0,0,0.0,0.0,,0.0
vobix,171,1,0,0,0.0,0.005847953216374269,0.0,0.0
vladitoys,19,0,0,0,0.0,0.0,,0.0
vivitek,353,0,0,0,0.0,0.0,,0.0
vitross,7,0,0,0,0.0,0.0,,0.0
vitra,176,0,0,0,0.0,0.0,,0.0
vitesse,27,0,0,0,0.0,0.0,,0.0
vitelia,13,0,0,0,0.0,0.0,,0.0
vitax,4,0,0,0,0.0,0.0,,0.0
vita,20,0,0,0,0.0,0.0,,0.0
vista,18,0,0,0,0.0,0.0,,0.0
vissol,30,0,0,0,0.0,0.0,,0.0
visavis,1,0,0,0,0.0,0.0,,0.0
vira,7,0,0,0,0.0,0.0,,0.0
vipe,612,0,0,0,0.0,0.0,,0.0
vim-art,9,0,0,0,0.0,0.0,,0.0
vilt,8,0,0,0,0.0,0.0,,0.0
villa,2,0,0,0,0.0,0.0,,0.0
vilia,16,0,0,0,0.0,0.0,,0.0
vigoole,1,0,0,0,0.0,0.0,,0.0
vgp,13,0,0,0,0.0,0.0,,0.0
vesna,1,0,0,0,0.0,0.0,,0.0
vertex,653,0,0,0,0.0,0.0,,0.0
versal,3,0,0,0,0.0,0.0,,0.0
verran,50,0,0,0,0.0,0.0,,0.0
verico,5,0,0,0,0.0,0.0,,0.0
verdi,71,0,0,0,0.0,0.0,,0.0
ventara,570,0,0,0,0.0,0.0,,0.0
velvet,5,0,0,0,0.0,0.0,,0.0
vellarti,7,0,0,0,0.0,0.0,,0.0
vaude,136,0,0,0,0.0,0.0,,0.0
vasin,35,0,0,0,0.0,0.0,,0.0
vasilisa,6,0,0,0,0.0,0.0,,0.0
vasco,2,0,0,0,0.0,0.0,,0.0
vari,48,0,0,0,0.0,0.0,,0.0
vargame,8,0,0,0,0.0,0.0,,0.0
vard,6,0,0,0,0.0,0.0,,0.0
valve,11,0,0,0,0.0,0.0,,0.0
value,178,0,0,0,0.0,0.0,,0.0
vaiper,39,0,0,0,0.0,0.0,,0.0
v-unic,24,0,0,0,0.0,0.0,,0.0
v-t,21,0,0,0,0.0,0.0,,0.0
v-color,9,0,0,0,0.0,0.0,,0.0
uta,6,0,0,0,0.0,0.0,,0.0
useandcare,6,0,0,0,0.0,0.0,,0.0
usborne,26,0,0,0,0.0,0.0,,0.0
urbanears,70,0,0,0,0.0,0.0,,0.0
uomo,69,0,0,0,0.0,0.0,,0.0
ultrasone,4,0,0,0,0.0,0.0,,0.0
ubtech,1,0,0,0,0.0,0.0,,0.0
ubiquiti,109,0,0,0,0.0,0.0,,0.0
ubear,14,0,0,0,0.0,0.0,,0.0
tytan,61,0,0,0,0.0,0.0,,0.0
tyr,40,0,0,0,0.0,0.0,,0.0
twistclimbingcar,6,0,0,0,0.0,0.0,,0.0
twins,595,0,0,0,0.0,0.0,,0.0
tvs,46,0,0,0,0.0,0.0,,0.0
tutu,33,0,0,0,0.0,0.0,,0.0
turbosound,88,0,0,0,0.0,0.0,,0.0
tundracomfort,1,0,0,0,0.0,0.0,,0.0
tsv,16,0,0,0,0.0,0.0,,0.0
triumphtree,6,0,0,0,0.0,0.0,,0.0
tripplite,2,0,0,0,0.0,0.0,,0.0
trendy,46,0,0,0,0.0,0.0,,0.0
trendvision,69,0,0,0,0.0,0.0,,0.0
trefl,77,0,0,0,0.0,0.0,,0.0
trazano,56,0,0,0,0.0,0.0,,0.0
traser,237,0,0,0,0.0,0.0,,0.0
transformers,85,2,0,0,0.0,0.023529411764705882,0.0,0.0
tramontina,11,0,0,0,0.0,0.0,,0.0
tradiciatekstila,4,0,0,0,0.0,0.0,,0.0
tracker,37,0,0,0,0.0,0.0,,0.0
toyland,91,0,0,0,0.0,0.0,,0.0
tous,83,0,0,0,0.0,0.0,,0.0
tourist,43,0,0,0,0.0,0.0,,0.0
totu,1,0,0,0,0.0,0.0,,0.0
totalbox,17,0,0,0,0.0,0.0,,0.0
totaku,46,0,0,0,0.0,0.0,,0.0
toscom,26,0,0,0,0.0,0.0,,0.0
torso,28,0,0,0,0.0,0.0,,0.0
torres,92,0,0,0,0.0,0.0,,0.0
torneo,2,0,0,0,0.0,0.0,,0.0
tornado,3,0,0,0,0.0,0.0,,0.0
torgue,47,0,0,0,0.0,0.0,,0.0
topex,90,0,0,0,0.0,0.0,,0.0
tools,187,0,0,0,0.0,0.0,,0.0
toocool,70,0,0,0,0.0,0.0,,0.0
tonybellucci,32,0,0,0,0.0,0.0,,0.0
tontarelli,50,0,0,0,0.0,0.0,,0.0
tonar,74,0,0,0,0.0,0.0,,0.0
tomoloo,8,0,0,0,0.0,0.0,,0.0
tokuryo,45,0,0,0,0.0,0.0,,0.0
tognana,1152,0,0,0,0.0,0.0,,0.0
to-plan,1,0,0,0,0.0,0.0,,0.0
tl,6,0,0,0,0.0,0.0,,0.0
tisa,63,0,0,0,0.0,0.0,,0.0
timbergroup,4,0,0,0,0.0,0.0,,0.0
tigres,22,0,0,0,0.0,0.0,,0.0
tigerking,6,0,0,0,0.0,0.0,,0.0
tierra,47,0,0,0,0.0,0.0,,0.0
three-a,28,0,0,0,0.0,0.0,,0.0
thor,29,0,0,0,0.0,0.0,,0.0
thermalright,8,0,0,0,0.0,0.0,,0.0
teyko,64,0,0,0,0.0,0.0,,0.0
textura,142,0,0,0,0.0,0.0,,0.0
tesma,9,0,0,0,0.0,0.0,,0.0
teslastyle,34,0,0,0,0.0,0.0,,0.0
teplokryma,29,0,0,0,0.0,0.0,,0.0
teorema,183,0,0,0,0.0,0.0,,0.0
temp,53,0,0,0,0.0,0.0,,0.0
telecom,10,0,0,0,0.0,0.0,,0.0
tekstilnaalavka,5,0,0,0,0.0,0.0,,0.0
tedmyfriend,3,0,0,0,0.0,0.0,,0.0
technogym,497,0,0,0,0.0,0.0,,0.0
tdm,109,1,0,0,0.0,0.009174311926605505,0.0,0.0
tascam,46,0,0,0,0.0,0.0,,0.0
tarlan,80,0,0,0,0.0,0.0,,0.0
targus,36,0,0,0,0.0,0.0,,0.0
tao-tao,18,0,0,0,0.0,0.0,,0.0
tamish,320,0,0,0,0.0,0.0,,0.0
tako,138,0,0,0,0.0,0.0,,0.0
taitong,10,0,0,0,0.0,0.0,,0.0
tailg,9,0,0,0,0.0,0.0,,0.0
tactic,75,0,0,0,0.0,0.0,,0.0
t.bone,1,0,0,0,0.0,0.0,,0.0
sx,1,0,0,0,0.0,0.0,,0.0
swissimage,4,0,0,0,0.0,0.0,,0.0
sweetyhome,5,0,0,0,0.0,0.0,,0.0
swarovski,25,0,0,0,0.0,0.0,,0.0
svoboda,2,0,0,0,0.0,0.0,,0.0
svetogor,3,0,0,0,0.0,0.0,,0.0
svar,42,0,0,0,0.0,0.0,,0.0
suzuki,61,0,0,0,0.0,0.0,,0.0
supra,5,0,0,0,0.0,0.0,,0.0
supermicro,31,0,0,0,0.0,0.0,,0.0
suntech-msks,27,0,0,0,0.0,0.0,,0.0
sunsystem,61,0,0,0,0.0,0.0,,0.0
suncolor,74,0,0,0,0.0,0.0,,0.0
sumitomo,19,0,0,0,0.0,0.0,,0.0
sumadl,1,0,0,0,0.0,0.0,,0.0
sufix,84,0,0,0,0.0,0.0,,0.0
suda,1,0,0,0,0.0,0.0,,0.0
stuntcar,20,0,0,0,0.0,0.0,,0.0
studioprofessional,32,0,0,0,0.0,0.0,,0.0
studiomaster,123,0,0,0,0.0,0.0,,0.0
studio,25,0,0,0,0.0,0.0,,0.0
stryj,6,0,0,0,0.0,0.0,,0.0
strunal,14,0,0,0,0.0,0.0,,0.0
storm,113,0,0,0,0.0,0.0,,0.0
stolplit,1486,0,0,0,0.0,0.0,,0.0
stockli,67,0,0,0,0.0,0.0,,0.0
stn,6,0,0,0,0.0,0.0,,0.0
stl,53,0,0,0,0.0,0.0,,0.0
stinol,105,0,0,0,0.0,0.0,,0.0
stilzizni,3,0,0,0,0.0,0.0,,0.0
stilvasejspalni,9,0,0,0,0.0,0.0,,0.0
stern,45,0,0,0,0.0,0.0,,0.0
stelz,21,0,0,0,0.0,0.0,,0.0
stellar,47,0,0,0,0.0,0.0,,0.0
steelpower,17,0,0,0,0.0,0.0,,0.0
stealth,27,0,0,0,0.0,0.0,,0.0
stavr,5,0,0,0,0.0,0.0,,0.0
stavia,24,0,0,0,0.0,0.0,,0.0
staub,4,0,0,0,0.0,0.0,,0.0
starwars,7,0,0,0,0.0,0.0,,0.0
startline,24,0,0,0,0.0,0.0,,0.0
starmom,1,0,0,0,0.0,0.0,,0.0
starmix,248,0,0,0,0.0,0.0,,0.0
standart,29,0,0,0,0.0,0.0,,0.0
stalemal,61,0,0,0,0.0,0.0,,0.0
stahlberg,53,0,0,0,0.0,0.0,,0.0
ssm,28,0,0,0,0.0,0.0,,0.0
sportelite,5,0,0,0,0.0,0.0,,0.0
splashlings,35,0,0,0,0.0,0.0,,0.0
spinmop,8,0,0,0,0.0,0.0,,0.0
spider-man,7,0,0,0,0.0,0.0,,0.0
sphero,68,0,0,0,0.0,0.0,,0.0
speroni,84,0,0,0,0.0,0.0,,0.0
spaquatoria,722,0,0,0,0.0,0.0,,0.0
spalenka,4,0,0,0,0.0,0.0,,0.0
spalding,150,0,0,0,0.0,0.0,,0.0
soyntec,270,0,0,0,0.0,0.0,,0.0
sonor,27,0,0,0,0.0,0.0,,0.0
sonny,7,0,0,0,0.0,0.0,,0.0
sonifer,1,0,0,0,0.0,0.0,,0.0
sonar,9,0,0,0,0.0,0.0,,0.0
solostyle,44,0,0,0,0.0,0.0,,0.0
solarstorm,85,0,0,0,0.0,0.0,,0.0
snez,15,0,0,0,0.0,0.0,,0.0
smtt,30,0,0,0,0.0,0.0,,0.0
smartway,3,0,0,0,0.0,0.0,,0.0
smarttrike,21,0,0,0,0.0,0.0,,0.0
smalvic,61,0,0,0,0.0,0.0,,0.0
slumberjack,2,0,0,0,0.0,0.0,,0.0
slonimmebel,6,0,0,0,0.0,0.0,,0.0
slaro,57,0,0,0,0.0,0.0,,0.0
skwooshi,11,0,0,0,0.0,0.0,,0.0
skv,3,0,0,0,0.0,0.0,,0.0
skullcandy,8,0,0,0,0.0,0.0,,0.0
skindoctors,1,0,0,0,0.0,0.0,,0.0
skechers,10,0,0,0,0.0,0.0,,0.0
skandika,78,0,0,0,0.0,0.0,,0.0
sitparad,95,0,0,0,0.0,0.0,,0.0
siton,10,0,0,0,0.0,0.0,,0.0
sis,361,0,0,0,0.0,0.0,,0.0
sinusprofi,62,0,0,0,0.0,0.0,,0.0
simax,16,0,0,0,0.0,0.0,,0.0
silverstone,67,0,0,0,0.0,0.0,,0.0
silhouette,211,0,0,0,0.0,0.0,,0.0
silampos,28,0,0,0,0.0,0.0,,0.0
signature,20,0,0,0,0.0,0.0,,0.0
signal,362,0,0,0,0.0,0.0,,0.0
siemens,166,0,0,0,0.0,0.0,,0.0
siee,108,0,0,0,0.0,0.0,,0.0
sibrteh,62,0,0,0,0.0,0.0,,0.0
sibirskietovary,39,0,0,0,0.0,0.0,,0.0
shunxiang,9,0,0,0,0.0,0.0,,0.0
shoiberg,264,0,0,0,0.0,0.0,,0.0
shishi,5,0,0,0,0.0,0.0,,0.0
shiraz,7,0,0,0,0.0,0.0,,0.0
shima,4,0,0,0,0.0,0.0,,0.0
sheyk,26,0,0,0,0.0,0.0,,0.0
shengyuan,3,0,0,0,0.0,0.0,,0.0
sheffilton,167,0,0,0,0.0,0.0,,0.0
sharking,110,0,0,0,0.0,0.0,,0.0
shangpree,11,0,0,0,0.0,0.0,,0.0
sgary,3,0,0,0,0.0,0.0,,0.0
sevenfriday,88,0,0,0,0.0,0.0,,0.0
sencor,30,0,0,0,0.0,0.0,,0.0
seletti,145,0,0,0,0.0,0.0,,0.0
selena,7,0,0,0,0.0,0.0,,0.0
seed,120,0,0,0,0.0,0.0,,0.0
sebamed,37,0,0,0,0.0,0.0,,0.0
scythe,6,0,0,0,0.0,0.0,,0.0
scruff-a-luvs,28,0,0,0,0.0,0.0,,0.0
scott,553,0,0,0,0.0,0.0,,0.0
scool,145,0,0,0,0.0,0.0,,0.0
scinic,30,0,0,0,0.0,0.0,,0.0
schwinn,165,0,0,0,0.0,0.0,,0.0
schaublorenz,12,0,0,0,0.0,0.0,,0.0
schardt,1,0,0,0,0.0,0.0,,0.0
sbw,37,0,0,0,0.0,0.0,,0.0
sbs,8,0,0,0,0.0,0.0,,0.0
satura,423,0,0,0,0.0,0.0,,0.0
sasta,144,0,0,0,0.0,0.0,,0.0
santak,4,0,0,0,0.0,0.0,,0.0
sanovit,28,0,0,0,0.0,0.0,,0.0
sanjia,6,0,0,0,0.0,0.0,,0.0
saniano,28,0,0,0,0.0,0.0,,0.0
san,102,0,0,0,0.0,0.0,,0.0
samy,3,0,0,0,0.0,0.0,,0.0
samonite,5,0,0,0,0.0,0.0,,0.0
salvinelli,39,0,0,0,0.0,0.0,,0.0
salvatoreferragamo,1,0,0,0,0.0,0.0,,0.0
sallyhansen,37,0,0,0,0.0,0.0,,0.0
saipo,26,0,0,0,0.0,0.0,,0.0
safecess,1,0,0,0,0.0,0.0,,0.0
sades,6,0,0,0,0.0,0.0,,0.0
sabi,60,0,0,0,0.0,0.0,,0.0
ryor,27,0,0,0,0.0,0.0,,0.0
russia,83,0,0,0,0.0,0.0,,0.0
rusgoldart,38,0,0,0,0.0,0.0,,0.0
runwin,1,0,0,0,0.0,0.0,,0.0
ruixinlang,49,0,0,0,0.0,0.0,,0.0
ruike,40,0,0,0,0.0,0.0,,0.0
rubiks,195,0,0,0,0.0,0.0,,0.0
royallondon,5,0,0,0,0.0,0.0,,0.0
royalblack,51,0,0,0,0.0,0.0,,0.0
rotorazer,14,0,0,0,0.0,0.0,,0.0
rotor,13,0,0,0,0.0,0.0,,0.0
rotiform,28,0,0,0,0.0,0.0,,0.0
rossignol,45,0,0,0,0.0,0.0,,0.0
rossia,5,0,0,0,0.0,0.0,,0.0
rosmen,10,0,0,0,0.0,0.0,,0.0
rosato,104,0,0,0,0.0,0.0,,0.0
ronas,183,0,0,0,0.0,0.0,,0.0
rolife,8,0,0,0,0.0,0.0,,0.0
roison,2,0,0,0,0.0,0.0,,0.0
rogervandenberghenv,29,0,0,0,0.0,0.0,,0.0
roeyuta,23,0,0,0,0.0,0.0,,0.0
rockstargames,109,1,0,0,0.0,0.009174311926605505,0.0,0.0
rock,242,1,0,0,0.0,0.004132231404958678,0.0,0.0
robotis,105,0,0,0,0.0,0.0,,0.0
robotime,46,0,0,0,0.0,0.0,,0.0
robobloq,22,0,0,0,0.0,0.0,,0.0
roblox,14,0,0,0,0.0,0.0,,0.0
robens,63,0,0,0,0.0,0.0,,0.0
roamer,285,0,0,0,0.0,0.0,,0.0
rline,17,0,0,0,0.0,0.0,,0.0
rivakoch,50,0,0,0,0.0,0.0,,0.0
ristanskaakeramika,15,0,0,0,0.0,0.0,,0.0
risoli,6,0,0,0,0.0,0.0,,0.0
rise,33,0,0,0,0.0,0.0,,0.0
rinax,14,0,0,0,0.0,0.0,,0.0
rimmellondon,90,0,0,0,0.0,0.0,,0.0
riminiflash,5,0,0,0,0.0,0.0,,0.0
rika,106,0,0,0,0.0,0.0,,0.0
rihanna,11,0,0,0,0.0,0.0,,0.0
riello,1,0,0,0,0.0,0.0,,0.0
ridian,250,0,0,0,0.0,0.0,,0.0
ridata,2,0,0,0,0.0,0.0,,0.0
riche,82,0,0,0,0.0,0.0,,0.0
ricco,130,0,0,0,0.0,0.0,,0.0
rexco,17,0,0,0,0.0,0.0,,0.0
revuele,11,0,0,0,0.0,0.0,,0.0
revlon,94,0,0,0,0.0,0.0,,0.0
rev,4,0,0,0,0.0,0.0,,0.0
retrosuperfuture,18,0,0,0,0.0,0.0,,0.0
restar,12,0,0,0,0.0,0.0,,0.0
replica,3,0,0,0,0.0,0.0,,0.0
renovator,10,0,0,0,0.0,0.0,,0.0
remo,128,0,0,0,0.0,0.0,,0.0
remer,12,0,0,0,0.0,0.0,,0.0
redline,104,0,0,0,0.0,0.0,,0.0
redken,14,0,0,0,0.0,0.0,,0.0
recci,1,0,0,0,0.0,0.0,,0.0
raval,9,0,0,0,0.0,0.0,,0.0
ravak,58,0,0,0,0.0,0.0,,0.0
rasch,146,0,0,0,0.0,0.0,,0.0
rare,50,0,0,0,0.0,0.0,,0.0
rapala,126,0,0,0,0.0,0.0,,0.0
ramilibaby,17,0,0,0,0.0,0.0,,0.0
ragolle,28,0,0,0,0.0,0.0,,0.0
radiant,15,0,0,0,0.0,0.0,,0.0
r-senda,12,0,0,0,0.0,0.0,,0.0
qplay,19,0,0,0,0.0,0.0,,0.0
qnap,165,0,0,0,0.0,0.0,,0.0
qixels,2,0,0,0,0.0,0.0,,0.0
qazaqkhan,33,1,0,0,0.0,0.030303030303030304,0.0,0.0
puridea,11,0,0,0,0.0,0.0,,0.0
pubg,4,0,0,0,0.0,0.0,,0.0
psyonix,40,0,0,0,0.0,0.0,,0.0
proxxon,367,0,0,0,0.0,0.0,,0.0
provoc,84,0,0,0,0.0,0.0,,0.0
provence,85,1,0,0,0.0,0.011764705882352941,0.0,0.0
prosperplast,49,0,0,0,0.0,0.0,,0.0
promountain,92,1,0,0,0.0,0.010869565217391304,0.0,0.0
promate,42,0,0,0,0.0,0.0,,0.0
proel,76,0,0,0,0.0,0.0,,0.0
presonus,45,0,0,0,0.0,0.0,,0.0
president,1,0,0,0,0.0,0.0,,0.0
premier,7,0,0,0,0.0,0.0,,0.0
preciosa,444,0,0,0,0.0,0.0,,0.0
powertec,1164,0,0,0,0.0,0.0,,0.0
potatohead,2,0,0,0,0.0,0.0,,0.0
portdesigns,1,0,0,0,0.0,0.0,,0.0
popurri,31,0,0,0,0.0,0.0,,0.0
poppuri,1,0,0,0,0.0,0.0,,0.0
police,32,0,0,0,0.0,0.0,,0.0
poli,165,0,0,0,0.0,0.0,,0.0
polesie,4,0,0,0,0.0,0.0,,0.0
playway,40,0,0,0,0.0,0.0,,0.0
playskool,9,0,0,0,0.0,0.0,,0.0
playmobil,13,0,0,0,0.0,0.0,,0.0
playlab,86,0,0,0,0.0,0.0,,0.0
planetaorganica,7,0,0,0,0.0,0.0,,0.0
planet,187,0,0,0,0.0,0.0,,0.0
pit,11,0,0,0,0.0,0.0,,0.0
pinti,128,0,0,0,0.0,0.0,,0.0
pinghudakebabycarrier,34,0,0,0,0.0,0.0,,0.0
pinarello,78,0,0,0,0.0,0.0,,0.0
pilsan,50,0,0,0,0.0,0.0,,0.0
pierrelannier,3,0,0,0,0.0,0.0,,0.0
philippus,33,0,0,0,0.0,0.0,,0.0
pervenec,9,0,0,0,0.0,0.0,,0.0
permanence,231,0,0,0,0.0,0.0,,0.0
peppapig,1,0,0,0,0.0,0.0,,0.0
pentax,79,0,0,0,0.0,0.0,,0.0
pensofal,369,0,0,0,0.0,0.0,,0.0
penn,83,0,0,0,0.0,0.0,,0.0
pediasure,20,0,0,0,0.0,0.0,,0.0
pebble,3,0,0,0,0.0,0.0,,0.0
pccooler,190,0,0,0,0.0,0.0,,0.0
pawpatrol,8,0,0,0,0.0,0.0,,0.0
pastel,9,0,0,0,0.0,0.0,,0.0
parus,6,0,0,0,0.0,0.0,,0.0
parklon,145,0,0,0,0.0,0.0,,0.0
papitto,2,0,0,0,0.0,0.0,,0.0
papilla,26,0,0,0,0.0,0.0,,0.0
palplay,4,0,0,0,0.0,0.0,,0.0
palms,5,0,0,0,0.0,0.0,,0.0
pajak,36,0,0,0,0.0,0.0,,0.0
paint,10,0,0,0,0.0,0.0,,0.0
packing,16,0,0,0,0.0,0.0,,0.0
owner,43,0,0,0,0.0,0.0,,0.0
ovk,62,0,0,0,0.0,0.0,,0.0
ourgeneration,21,0,0,0,0.0,0.0,,0.0
oukitel,181,0,0,0,0.0,0.0,,0.0
osprey,34,0,0,0,0.0,0.0,,0.0
osgona,6,0,0,0,0.0,0.0,,0.0
osann,146,0,0,0,0.0,0.0,,0.0
orto-bed,79,0,0,0,0.0,0.0,,0.0
orly,8,0,0,0,0.0,0.0,,0.0
orjade,10,0,0,0,0.0,0.0,,0.0
orivel,22,0,0,0,0.0,0.0,,0.0
oris,1123,0,0,0,0.0,0.0,,0.0
orion,22,0,0,0,0.0,0.0,,0.0
origami,65,0,0,0,0.0,0.0,,0.0
organiczone,9,0,0,0,0.0,0.0,,0.0
organicshop,1,0,0,0,0.0,0.0,,0.0
orangedaily,21,0,0,0,0.0,0.0,,0.0
oralcare,14,0,0,0,0.0,0.0,,0.0
optimus,195,0,0,0,0.0,0.0,,0.0
opple,37,0,0,0,0.0,0.0,,0.0
opadiris,226,0,0,0,0.0,0.0,,0.0
oonies,1,0,0,0,0.0,0.0,,0.0
ooba,26,0,0,0,0.0,0.0,,0.0
omnio,49,0,0,0,0.0,0.0,,0.0
omnimount,104,1,0,0,0.0,0.009615384615384616,0.0,0.0
ollin,4,0,0,0,0.0,0.0,,0.0
olivella,84,0,0,0,0.0,0.0,,0.0
olimpic,3,0,0,0,0.0,0.0,,0.0
olimp,55,0,0,0,0.0,0.0,,0.0
oleo-mac,10,0,0,0,0.0,0.0,,0.0
ol-tex,106,0,0,0,0.0,0.0,,0.0
ocag,4,0,0,0,0.0,0.0,,0.0
oase,25,0,0,0,0.0,0.0,,0.0
nyne,13,0,0,0,0.0,0.0,,0.0
nvprint,7,0,0,0,0.0,0.0,,0.0
nvidia,145,0,0,0,0.0,0.0,,0.0
nurpress,9,0,0,0,0.0,0.0,,0.0
numark,25,0,0,0,0.0,0.0,,0.0
nuk,122,0,0,0,0.0,0.0,,0.0
nuforce,11,0,0,0,0.0,0.0,,0.0
nowystyl,28,0,0,0,0.0,0.0,,0.0
nowodvorski,50,0,0,0,0.0,0.0,,0.0
novatrack,166,0,0,0,0.0,0.0,,0.0
novatex,3,0,0,0,0.0,0.0,,0.0
novabright,2,0,0,0,0.0,0.0,,0.0
norplast,29,0,0,0,0.0,0.0,,0.0
normann,21,0,0,0,0.0,0.0,,0.0
norman,6,0,0,0,0.0,0.0,,0.0
nord,255,0,0,0,0.0,0.0,,0.0
noppiesbaby,6,0,0,0,0.0,0.0,,0.0
noordi,4,0,0,0,0.0,0.0,,0.0
nodor,61,0,0,0,0.0,0.0,,0.0
noctua,23,0,0,0,0.0,0.0,,0.0
nocnezna,19,0,0,0,0.0,0.0,,0.0
nobu,14,0,0,0,0.0,0.0,,0.0
nmp,2,0,0,0,0.0,0.0,,0.0
nissan,220,0,0,0,0.0,0.0,,0.0
nishane,33,0,0,0,0.0,0.0,,0.0
ningbo,20,0,0,0,0.0,0.0,,0.0
nik,27,0,0,0,0.0,0.0,,0.0
niche,21,0,0,0,0.0,0.0,,0.0
nicalis,1,0,0,0,0.0,0.0,,0.0
nexxt,9,0,0,0,0.0,0.0,,0.0
nexttool,61,0,0,0,0.0,0.0,,0.0
newport,9,0,0,0,0.0,0.0,,0.0
newco,6,0,0,0,0.0,0.0,,0.0
neva-taft,8,0,0,0,0.0,0.0,,0.0
neva,30,0,0,0,0.0,0.0,,0.0
netis,54,0,0,0,0.0,0.0,,0.0
netgear,72,0,0,0,0.0,0.0,,0.0
nereus,15,0,0,0,0.0,0.0,,0.0
neocoregames,1,0,0,0,0.0,0.0,,0.0
neobio,4,0,0,0,0.0,0.0,,0.0
neman,81,0,0,0,0.0,0.0,,0.0
nella,58,0,0,0,0.0,0.0,,0.0
neff,15,0,0,0,0.0,0.0,,0.0
nec,1,0,0,0,0.0,0.0,,0.0
navigator,2,0,0,0,0.0,0.0,,0.0
naturepan,4,0,0,0,0.0,0.0,,0.0
naturasiberica,1,0,0,0,0.0,0.0,,0.0
naturalist,2,0,0,0,0.0,0.0,,0.0
naturakamchatka,1,0,0,0,0.0,0.0,,0.0
nathan,27,0,0,0,0.0,0.0,,0.0
narodnyerecepty,2,0,0,0,0.0,0.0,,0.0
nardi,4,0,0,0,0.0,0.0,,0.0
napoleon,24,0,0,0,0.0,0.0,,0.0
nanga,88,0,0,0,0.0,0.0,,0.0
nagano,1,0,0,0,0.0,0.0,,0.0
nady,10,0,0,0,0.0,0.0,,0.0
mykita,16,0,0,0,0.0,0.0,,0.0
mw-light,27,0,0,0,0.0,0.0,,0.0
mustang,2,0,0,0,0.0,0.0,,0.0
must,22,0,0,0,0.0,0.0,,0.0
musicroom,10,0,0,0,0.0,0.0,,0.0
murena,5,0,0,0,0.0,0.0,,0.0
mujjo,9,0,0,0,0.0,0.0,,0.0
mstar,63,0,0,0,0.0,0.0,,0.0
msb,4,0,0,0,0.0,0.0,,0.0
mrm-power,66,0,0,0,0.0,0.0,,0.0
mozgamebel,8,0,0,0,0.0,0.0,,0.0
motivyotdyha,157,0,0,0,0.0,0.0,,0.0
moshi,11,0,0,0,0.0,0.0,,0.0
moroshka,49,0,0,0,0.0,0.0,,0.0
morakniv,6,0,0,0,0.0,0.0,,0.0
moov,775,0,0,0,0.0,0.0,,0.0
moose,134,0,0,0,0.0,0.0,,0.0
monster,79,0,0,0,0.0,0.0,,0.0
monsher,8,0,0,0,0.0,0.0,,0.0
monkey,50,0,0,0,0.0,0.0,,0.0
mongoose,54,0,0,0,0.0,0.0,,0.0
monchhichi,124,0,0,0,0.0,0.0,,0.0
molten,85,0,0,0,0.0,0.0,,0.0
molfix,15,0,0,0,0.0,0.0,,0.0
mltl,4608,0,0,0,0.0,0.0,,0.0
miumiu,9,0,0,0,0.0,0.0,,0.0
mitas,10,0,0,0,0.0,0.0,,0.0
misfit,166,0,0,0,0.0,0.0,,0.0
miromax,34,0,0,0,0.0,0.0,,0.0
miraculous,130,0,0,0,0.0,0.0,,0.0
miracle,89,0,0,0,0.0,0.0,,0.0
mioshi,18,0,0,0,0.0,0.0,,0.0
miolla,33,0,0,0,0.0,0.0,,0.0
minony,1,0,0,0,0.0,0.0,,0.0
minecraft,111,0,0,0,0.0,0.0,,0.0
millet,93,0,0,0,0.0,0.0,,0.0
milk,1,0,0,0,0.0,0.0,,0.0
milight,81,0,0,0,0.0,0.0,,0.0
miif,11,0,0,0,0.0,0.0,,0.0
mifold,79,0,0,0,0.0,0.0,,0.0
midzumi,49,0,0,0,0.0,0.0,,0.0
micuna,468,0,0,0,0.0,0.0,,0.0
microfire,129,0,0,0,0.0,0.0,,0.0
micallef,35,0,0,0,0.0,0.0,,0.0
mica,38,0,0,0,0.0,0.0,,0.0
mhp,32,0,0,0,0.0,0.0,,0.0
mgaintertainment,2,0,0,0,0.0,0.0,,0.0
metrot,382,0,0,0,0.0,0.0,,0.0
metoo,33,0,0,0,0.0,0.0,,0.0
method,98,0,0,0,0.0,0.0,,0.0
metalions,7,0,0,0,0.0,0.0,,0.0
metalac,1,0,0,0,0.0,0.0,,0.0
mersedes-benz,2,0,0,0,0.0,0.0,,0.0
merrylock,59,0,0,0,0.0,0.0,,0.0
merry,6,0,0,0,0.0,0.0,,0.0
merlin,12,0,0,0,0.0,0.0,,0.0
merkurij,31,0,0,0,0.0,0.0,,0.0
merida,25,0,0,0,0.0,0.0,,0.0
mengbadi,43,0,0,0,0.0,0.0,,0.0
mello,1,0,0,0,0.0,0.0,,0.0
melissadoug,3,0,0,0,0.0,0.0,,0.0
melidadi,36,0,0,0,0.0,0.0,,0.0
mei-cha,5,0,0,0,0.0,0.0,,0.0
megasaurs,17,0,0,0,0.0,0.0,,0.0
mefferts,17,0,0,0,0.0,0.0,,0.0
medisana,1,0,0,0,0.0,0.0,,0.0
mediheal,38,0,0,0,0.0,0.0,,0.0
meccano,14,0,0,0,0.0,0.0,,0.0
mebelcon,5,0,0,0,0.0,0.0,,0.0
mebelazii,159,0,0,0,0.0,0.0,,0.0
mebberykz,244,0,0,0,0.0,0.0,,0.0
mebbery.kz,81,0,0,0,0.0,0.0,,0.0
mebberi,106,0,0,0,0.0,0.0,,0.0
measy,210,0,0,0,0.0,0.0,,0.0
meanlove,125,0,0,0,0.0,0.0,,0.0
mdv,130,1,0,0,0.0,0.007692307692307693,0.0,0.0
mdlab,25,0,0,0,0.0,0.0,,0.0
mcculloch,75,0,0,0,0.0,0.0,,0.0
mccan,30,0,0,0,0.0,0.0,,0.0
mc,41,0,0,0,0.0,0.0,,0.0
maytoni,50,0,0,0,0.0,0.0,,0.0
maysternya,8,0,0,0,0.0,0.0,,0.0
maybellinenewyork,1,0,0,0,0.0,0.0,,0.0
maxion,74,0,0,0,0.0,0.0,,0.0
maxfactor,11,0,0,0,0.0,0.0,,0.0
maxcolor,34,0,0,0,0.0,0.0,,0.0
max-pro,15,0,0,0,0.0,0.0,,0.0
mauboussin,31,0,0,0,0.0,0.0,,0.0
matex,8,0,0,0,0.0,0.0,,0.0
matebo,10,0,0,0,0.0,0.0,,0.0
mastrad,108,0,0,0,0.0,0.0,,0.0
masterfish,62,0,0,0,0.0,0.0,,0.0
mastercraft,38,0,0,0,0.0,0.0,,0.0
mastela,1,0,0,0,0.0,0.0,,0.0
masima,2,0,0,0,0.0,0.0,,0.0
masi,55,0,0,0,0.0,0.0,,0.0
masaimedved,1,0,0,0,0.0,0.0,,0.0
marvel,28,0,0,0,0.0,0.0,,0.0
marusa,33,0,0,0,0.0,0.0,,0.0
maruemsta,12,0,0,0,0.0,0.0,,0.0
markjacobs,1,0,0,0,0.0,0.0,,0.0
market,17,0,0,0,0.0,0.0,,0.0
markbass,67,1,0,0,0.0,0.014925373134328358,0.0,0.0
mark,5,0,0,0,0.0,0.0,,0.0
maribel,5,0,0,0,0.0,0.0,,0.0
marcotozzipremio,6,0,0,0,0.0,0.0,,0.0
marcjacobs,2,0,0,0,0.0,0.0,,0.0
marching,4,0,0,0,0.0,0.0,,0.0
marcher,3,0,0,0,0.0,0.0,,0.0
mapei,65,0,0,0,0.0,0.0,,0.0
mannivanoviferber,4,0,0,0,0.0,0.0,,0.0
manke,32,0,0,0,0.0,0.0,,0.0
mangokids,1,0,0,0,0.0,0.0,,0.0
mamut,29,0,0,0,0.0,0.0,,0.0
mammie,189,0,0,0,0.0,0.0,,0.0
maman,220,0,0,0,0.0,0.0,,0.0
malushen,1304,0,0,0,0.0,0.0,,0.0
malamalama,13,0,0,0,0.0,0.0,,0.0
makers,2,0,0,0,0.0,0.0,,0.0
makarena,163,0,0,0,0.0,0.0,,0.0
majescogames,17,0,0,0,0.0,0.0,,0.0
maidou,22,0,0,0,0.0,0.0,,0.0
magnitoj,3,0,0,0,0.0,0.0,,0.0
magnat,6,0,0,0,0.0,0.0,,0.0
magkijson,1,0,0,0,0.0,0.0,,0.0
magictrack,9,0,0,0,0.0,0.0,,0.0
magformers,98,0,0,0,0.0,0.0,,0.0
magaudio,4,0,0,0,0.0,0.0,,0.0
maclay,3,0,0,0,0.0,0.0,,0.0
maclaren,115,1,0,0,0.0,0.008695652173913044,0.0,0.0
mackie,23,0,0,0,0.0,0.0,,0.0
machineboy,8,0,0,0,0.0,0.0,,0.0
maakavto,10,0,0,0,0.0,0.0,,0.0
maak,26,0,0,0,0.0,0.0,,0.0
luxking,1,0,0,0,0.0,0.0,,0.0
lux-tools,33,0,0,0,0.0,0.0,,0.0
lutian,457,0,0,0,0.0,0.0,,0.0
lunkerhunt,73,0,0,0,0.0,0.0,,0.0
lunecase,198,0,0,0,0.0,0.0,,0.0
luna,2,0,0,0,0.0,0.0,,0.0
lujun,9,0,0,0,0.0,0.0,,0.0
lubereckiekovry,32,0,0,0,0.0,0.0,,0.0
luazon,54,0,0,0,0.0,0.0,,0.0
ls,26,0,0,0,0.0,0.0,,0.0
lovecoil,10,0,0,0,0.0,0.0,,0.0
lotos,11,0,0,0,0.0,0.0,,0.0
lostkitties,2,0,0,0,0.0,0.0,,0.0
lori,29,0,0,0,0.0,0.0,,0.0
lord,59,0,0,0,0.0,0.0,,0.0
londa,14,0,0,0,0.0,0.0,,0.0
lombok,18,0,0,0,0.0,0.0,,0.0
lom,147,0,0,0,0.0,0.0,,0.0
lolsurprise,15,0,0,0,0.0,0.0,,0.0
lol,117,3,0,0,0.0,0.02564102564102564,0.0,0.0
logona,9,0,0,0,0.0,0.0,,0.0
loctek,90,0,0,0,0.0,0.0,,0.0
llocker,4,0,0,0,0.0,0.0,,0.0
llarri,40,0,0,0,0.0,0.0,,0.0
livebook,33,0,0,0,0.0,0.0,,0.0
livdelano,3,0,0,0,0.0,0.0,,0.0
lion,3,0,0,0,0.0,0.0,,0.0
lioele,15,0,0,0,0.0,0.0,,0.0
line,374,0,0,0,0.0,0.0,,0.0
lindsay,2,0,0,0,0.0,0.0,,0.0
lilwoodzeez,5,0,0,0,0.0,0.0,,0.0
likato,1,0,0,0,0.0,0.0,,0.0
lihom,7,0,0,0,0.0,0.0,,0.0
light,297,0,0,0,0.0,0.0,,0.0
lifetrons,161,0,0,0,0.0,0.0,,0.0
lifegear,1,0,0,0,0.0,0.0,,0.0
liebert,6,0,0,0,0.0,0.0,,0.0
liberty,68,0,0,0,0.0,0.0,,0.0
lexand,22,0,0,0,0.0,0.0,,0.0
lessar,35,0,0,0,0.0,0.0,,0.0
lepota,12,0,0,0,0.0,0.0,,0.0
leonbergo,6,0,0,0,0.0,0.0,,0.0
lenso,112,0,0,0,0.0,0.0,,0.0
lem,25,0,0,0,0.0,0.0,,0.0
lel,4,0,0,0,0.0,0.0,,0.0
leiya,63,0,0,0,0.0,0.0,,0.0
leicos,20,0,0,0,0.0,0.0,,0.0
legrand,56,0,0,0,0.0,0.0,,0.0
leefitness,16,0,0,0,0.0,0.0,,0.0
leeco,565,0,0,0,0.0,0.0,,0.0
lealelo,1,0,0,0,0.0,0.0,,0.0
leagoo,151,0,0,0,0.0,0.0,,0.0
lazso,5,0,0,0,0.0,0.0,,0.0
lava,22,0,0,0,0.0,0.0,,0.0
lassa,36,0,0,0,0.0,0.0,,0.0
lashologist,4,0,0,0,0.0,0.0,,0.0
laromano,24,0,0,0,0.0,0.0,,0.0
larocheposay,2,0,0,0,0.0,0.0,,0.0
laroche-posay,16,0,0,0,0.0,0.0,,0.0
larktale,56,0,0,0,0.0,0.0,,0.0
lapkin,43,0,0,0,0.0,0.0,,0.0
lanvigator,9,0,0,0,0.0,0.0,,0.0
lanikai,7,0,0,0,0.0,0.0,,0.0
lange,35,0,0,0,0.0,0.0,,0.0
lancaster,17,0,0,0,0.0,0.0,,0.0
lanard,333,0,0,0,0.0,0.0,,0.0
lamelprofessional,3,0,0,0,0.0,0.0,,0.0
lamborghini,57,0,0,0,0.0,0.0,,0.0
lamart,17,0,0,0,0.0,0.0,,0.0
lalaloopsy,33,0,0,0,0.0,0.0,,0.0
labo,121,0,0,0,0.0,0.0,,0.0
la-di-da,214,0,0,0,0.0,0.0,,0.0
kuqidai,3,0,0,0,0.0,0.0,,0.0
kupu-kupu,1,0,0,0,0.0,0.0,,0.0
kuppersbusch,729,0,0,0,0.0,0.0,,0.0
kumtel,127,0,0,0,0.0,0.0,,0.0
kumanodeve,1,0,0,0,0.0,0.0,,0.0
kumano,15,0,0,0,0.0,0.0,,0.0
kuhar,2,0,0,0,0.0,0.0,,0.0
kuchendorf,8,0,0,0,0.0,0.0,,0.0
kubanfarfor,238,0,0,0,0.0,0.0,,0.0
kstar,11,0,0,0,0.0,0.0,,0.0
kroskaa,8,0,0,0,0.0,0.0,,0.0
kronostar,82,0,0,0,0.0,0.0,,0.0
kronopol,49,0,0,0,0.0,0.0,,0.0
kron,17,0,0,0,0.0,0.0,,0.0
kroft,5,0,0,0,0.0,0.0,,0.0
kraton,3,0,0,0,0.0,0.0,,0.0
kranzle,283,0,0,0,0.0,0.0,,0.0
kramer,46,0,0,0,0.0,0.0,,0.0
kraftform,7,0,0,0,0.0,0.0,,0.0
kosmos,6,0,0,0,0.0,0.0,,0.0
kose,1,0,0,0,0.0,0.0,,0.0
kosadaka,83,0,0,0,0.0,0.0,,0.0
korda,6,0,0,0,0.0,0.0,,0.0
kora,13,0,0,0,0.0,0.0,,0.0
kontinent,109,0,0,0,0.0,0.0,,0.0
konig,16,0,0,0,0.0,0.0,,0.0
kokiri,11,0,0,0,0.0,0.0,,0.0
kohala,25,0,0,0,0.0,0.0,,0.0
kogaz,57,0,0,0,0.0,0.0,,0.0
koelf,4,0,0,0,0.0,0.0,,0.0
kodi,23,0,0,0,0.0,0.0,,0.0
klever,18,0,0,0,0.0,0.0,,0.0
kite,13,0,0,0,0.0,0.0,,0.0
kirovit,37,0,0,0,0.0,0.0,,0.0
kipsta,1,0,0,0,0.0,0.0,,0.0
kinlee,112,0,0,0,0.0,0.0,,0.0
kinklight,21,0,0,0,0.0,0.0,,0.0
kink,448,0,0,0,0.0,0.0,,0.0
kingstar,3,0,0,0,0.0,0.0,,0.0
kingslong,81,0,0,0,0.0,0.0,,0.0
kingrun,2,0,0,0,0.0,0.0,,0.0
kingroy,5,0,0,0,0.0,0.0,,0.0
kingmeda,38,0,0,0,0.0,0.0,,0.0
kiepe,149,0,0,0,0.0,0.0,,0.0
kidzconcept,4,0,0,0,0.0,0.0,,0.0
kidwood,25,0,0,0,0.0,0.0,,0.0
kidkraft,19,0,0,0,0.0,0.0,,0.0
kicker,122,0,0,0,0.0,0.0,,0.0
khancomics,5,0,0,0,0.0,0.0,,0.0
kenda,2,0,0,0,0.0,0.0,,0.0
kelet,86,0,0,0,0.0,0.0,,0.0
keeway,21,0,0,0,0.0,0.0,,0.0
keenetic,28,0,0,0,0.0,0.0,,0.0
katun,57,0,0,0,0.0,0.0,,0.0
karma,11,0,0,0,0.0,0.0,,0.0
karapuz,32,0,0,0,0.0,0.0,,0.0
karadium,5,0,0,0,0.0,0.0,,0.0
kapousprofessional,70,0,0,0,0.0,0.0,,0.0
kamskaaposuda,2,0,0,0,0.0,0.0,,0.0
kalibr,1,0,0,0,0.0,0.0,,0.0
kaleos,8,0,0,0,0.0,0.0,,0.0
kala,46,0,0,0,0.0,0.0,,0.0
kajsa,1,0,0,0,0.0,0.0,,0.0
kaisavilla,7,0,0,0,0.0,0.0,,0.0
kaierda,49,0,0,0,0.0,0.0,,0.0
kafekrasoty,3,0,0,0,0.0,0.0,,0.0
kaemingk,161,0,0,0,0.0,0.0,,0.0
kacper,136,0,0,0,0.0,0.0,,0.0
k-power,63,0,0,0,0.0,0.0,,0.0
k-lite,14,0,0,0,0.0,0.0,,0.0
juventa,77,0,0,0,0.0,0.0,,0.0
juteks,1,0,0,0,0.0,0.0,,0.0
jupiter,103,0,0,0,0.0,0.0,,0.0
junglefieldtroop,10,0,0,0,0.0,0.0,,0.0
jumper,612,0,0,0,0.0,0.0,,0.0
julong,7,0,0,0,0.0,0.0,,0.0
julbo,10,0,0,0,0.0,0.0,,0.0
juki,302,1,0,0,0.0,0.0033112582781456954,0.0,0.0
juanna,5,0,0,0,0.0,0.0,,0.0
jrc,50,0,0,0,0.0,0.0,,0.0
joieanglia,10,0,0,0,0.0,0.0,,0.0
johnnytheskull,5,0,0,0,0.0,0.0,,0.0
joby,59,0,0,0,0.0,0.0,,0.0
jjrc,70,0,0,0,0.0,0.0,,0.0
jio,4,0,0,0,0.0,0.0,,0.0
jinma,5,0,0,0,0.0,0.0,,0.0
jiada,5,0,0,0,0.0,0.0,,0.0
jeepwrangler,27,0,0,0,0.0,0.0,,0.0
jazwares,72,0,0,0,0.0,0.0,,0.0
jawbone,232,0,0,0,0.0,0.0,,0.0
jata,230,0,0,0,0.0,0.0,,0.0
jarko,91,0,0,0,0.0,0.0,,0.0
janesper,1,0,0,0,0.0,0.0,,0.0
jamo,1,0,0,0,0.0,0.0,,0.0
jakkspacific,8,0,0,0,0.0,0.0,,0.0
jacqueslemans,3,0,0,0,0.0,0.0,,0.0
ivc,6,0,0,0,0.0,0.0,,0.0
ivaru,34,0,0,0,0.0,0.0,,0.0
iunik,8,0,0,0,0.0,0.0,,0.0
itc,20,0,0,0,0.0,0.0,,0.0
italtrike,94,0,0,0,0.0,0.0,,0.0
ismart,1,0,0,0,0.0,0.0,,0.0
iriver,31,0,0,0,0.0,0.0,,0.0
irit,71,0,0,0,0.0,0.0,,0.0
irest,84,0,0,0,0.0,0.0,,0.0
iqmarketing,59,0,0,0,0.0,0.0,,0.0
inwin,7,0,0,0,0.0,0.0,,0.0
invisible,5,0,0,0,0.0,0.0,,0.0
invader,22,0,0,0,0.0,0.0,,0.0
interlink,2,0,0,0,0.0,0.0,,0.0
interbaget,40,0,0,0,0.0,0.0,,0.0
inteli,3,0,0,0,0.0,0.0,,0.0
inspiwood,2,0,0,0,0.0,0.0,,0.0
insinse,129,0,0,0,0.0,0.0,,0.0
inseense,7,0,0,0,0.0,0.0,,0.0
inmotion,89,0,0,0,0.0,0.0,,0.0
ingersoll,35,0,0,0,0.0,0.0,,0.0
infinitynado,21,0,0,0,0.0,0.0,,0.0
indiana,135,0,0,0,0.0,0.0,,0.0
incase,1,0,0,0,0.0,0.0,,0.0
impex,140,0,0,0,0.0,0.0,,0.0
imenza,9,0,0,0,0.0,0.0,,0.0
imax,209,0,0,0,0.0,0.0,,0.0
imattress,8,0,0,0,0.0,0.0,,0.0
ilash,2,0,0,0,0.0,0.0,,0.0
ikkm,21,0,0,0,0.0,0.0,,0.0
iek,44,0,0,0,0.0,0.0,,0.0
iconbit,55,0,0,0,0.0,0.0,,0.0
ibiscus,11,0,0,0,0.0,0.0,,0.0
ibili,507,0,0,0,0.0,0.0,,0.0
ibaby,438,5,0,0,0.0,0.01141552511415525,0.0,0.0
i-velo,2,0,0,0,0.0,0.0,,0.0
hynix,25,0,0,0,0.0,0.0,,0.0
husky,124,0,0,0,0.0,0.0,,0.0
hurom,3,0,0,0,0.0,0.0,,0.0
hurakan,22,0,0,0,0.0,0.0,,0.0
huochu,1,0,0,0,0.0,0.0,,0.0
huntsman,87,0,0,0,0.0,0.0,,0.0
hunter,48,0,0,0,0.0,0.0,,0.0
humminbird,353,0,0,0,0.0,0.0,,0.0
hummer,18,0,0,0,0.0,0.0,,0.0
hubeiindustrialaimiletrading,27,0,0,0,0.0,0.0,,0.0
huawang,101,0,0,0,0.0,0.0,,0.0
hre,16,0,0,0,0.0,0.0,,0.0
hr,17,0,0,0,0.0,0.0,,0.0
hpe,188,0,0,0,0.0,0.0,,0.0
hotwheels,5,0,0,0,0.0,0.0,,0.0
hotner,250,0,0,0,0.0,0.0,,0.0
hotmom,56,0,0,0,0.0,0.0,,0.0
honda,863,0,0,0,0.0,0.0,,0.0
homs,1,0,0,0,0.0,0.0,,0.0
homelife,15,0,0,0,0.0,0.0,,0.0
homeelement,57,5,0,0,0.0,0.08771929824561403,0.0,0.0
hollicy,10,0,0,0,0.0,0.0,,0.0
hola,12,0,0,0,0.0,0.0,,0.0
hobbyworld,23,0,0,0,0.0,0.0,,0.0
hilti,187,0,0,0,0.0,0.0,,0.0
hgst,38,0,0,0,0.0,0.0,,0.0
herman,35,0,0,0,0.0,0.0,,0.0
henglei,180,0,0,0,0.0,0.0,,0.0
helvi,147,0,0,0,0.0,0.0,,0.0
hellomaggie,14,0,0,0,0.0,0.0,,0.0
heinola,35,0,0,0,0.0,0.0,,0.0
heco,14,0,0,0,0.0,0.0,,0.0
hec,2,0,0,0,0.0,0.0,,0.0
hebeigrindingwheelfactory,17,0,0,0,0.0,0.0,,0.0
headrush,35,0,0,0,0.0,0.0,,0.0
haushalt,32,0,0,0,0.0,0.0,,0.0
hartung,44,0,0,0,0.0,0.0,,0.0
harte,15,0,0,0,0.0,0.0,,0.0
harpercollins,14,0,0,0,0.0,0.0,,0.0
harleybaby,5,0,0,0,0.0,0.0,,0.0
hap-p-kid,226,0,0,0,0.0,0.0,,0.0
hanlu,1,0,0,0,0.0,0.0,,0.0
hangzhoujindingimportexportcoltd,21,0,0,0,0.0,0.0,,0.0
hamilton,16,0,0,0,0.0,0.0,,0.0
haeger,25,0,0,0,0.0,0.0,,0.0
haday,30,0,0,0,0.0,0.0,,0.0
hada,38,0,0,0,0.0,0.0,,0.0
hachette,11,0,0,0,0.0,0.0,,0.0
gys,26,0,0,0,0.0,0.0,,0.0
guzzini,187,0,0,0,0.0,0.0,,0.0
gutrend,8,0,0,0,0.0,0.0,,0.0
gs,40,0,0,0,0.0,0.0,,0.0
groundzero,6,0,0,0,0.0,0.0,,0.0
grizzly,16,0,0,0,0.0,0.0,,0.0
grinda,6,0,0,0,0.0,0.0,,0.0
greys,125,0,0,0,0.0,0.0,,0.0
greenworks,24,0,0,0,0.0,0.0,,0.0
greenpan,34,0,0,0,0.0,0.0,,0.0
grattant,9,0,0,0,0.0,0.0,,0.0
graphiteleader,49,0,0,0,0.0,0.0,,0.0
granfest,19,0,0,0,0.0,0.0,,0.0
grand,1,0,0,0,0.0,0.0,,0.0
graff,135,0,0,0,0.0,0.0,,0.0
gr,14,0,0,0,0.0,0.0,,0.0
gourmet,70,0,0,0,0.0,0.0,,0.0
gornica,2,0,0,0,0.0,0.0,,0.0
gorizont,8,0,0,0,0.0,0.0,,0.0
goodram,141,0,0,0,0.0,0.0,,0.0
goodgrill,99,0,0,0,0.0,0.0,,0.0
goodbaby,6,0,0,0,0.0,0.0,,0.0
gonher,53,0,0,0,0.0,0.0,,0.0
golf,22,0,0,0,0.0,0.0,,0.0
goldenrose,1,0,0,0,0.0,0.0,,0.0
goalzero,178,0,0,0,0.0,0.0,,0.0
go-sport,42,0,0,0,0.0,0.0,,0.0
glory,67,0,0,0,0.0,0.0,,0.0
globo,28,0,0,0,0.0,0.0,,0.0
glimmies,25,0,0,0,0.0,0.0,,0.0
glam-forever,75,0,0,0,0.0,0.0,,0.0
gitzo,34,0,0,0,0.0,0.0,,0.0
giti,7,0,0,0,0.0,0.0,,0.0
gioseppo,24,0,0,0,0.0,0.0,,0.0
ginzza,18,0,0,0,0.0,0.0,,0.0
geroivmaskah,1,0,0,0,0.0,0.0,,0.0
gerkulesgames,1,0,0,0,0.0,0.0,,0.0
gerdamix,67,0,0,0,0.0,0.0,,0.0
geoffanderson,15,0,0,0,0.0,0.0,,0.0
genny,7,0,0,0,0.0,0.0,,0.0
geneticlab,3,0,0,0,0.0,0.0,,0.0
gedore,134,0,0,0,0.0,0.0,,0.0
gaspari,11,0,0,0,0.0,0.0,,0.0
gardena,615,0,0,0,0.0,0.0,,0.0
gabriella,9,0,0,0,0.0,0.0,,0.0
g-stone,2,0,0,0,0.0,0.0,,0.0
fuel,105,0,0,0,0.0,0.0,,0.0
fsd,74,0,0,0,0.0,0.0,,0.0
freefeet,85,0,0,0,0.0,0.0,,0.0
freedom,92,0,0,0,0.0,0.0,,0.0
foxx,35,0,0,0,0.0,0.0,,0.0
foxconn,2,0,0,0,0.0,0.0,,0.0
fox,101,0,0,0,0.0,0.0,,0.0
fotomate,43,0,0,0,0.0,0.0,,0.0
fostex,78,0,0,0,0.0,0.0,,0.0
fortnite,111,0,0,0,0.0,0.0,,0.0
forsage,140,0,0,0,0.0,0.0,,0.0
fornite,20,0,0,0,0.0,0.0,,0.0
forminabanyo,12,0,0,0,0.0,0.0,,0.0
fondital,333,3,0,0,0.0,0.009009009009009009,0.0,0.0
focushomeinteractive,41,0,0,0,0.0,0.0,,0.0
floralis,15,0,0,0,0.0,0.0,,0.0
flicker,4,0,0,0,0.0,0.0,,0.0
flex,1,0,0,0,0.0,0.0,,0.0
fleet,15,0,0,0,0.0,0.0,,0.0
flashpoint,306,0,0,0,0.0,0.0,,0.0
fixsen,10,0,0,0,0.0,0.0,,0.0
fitwell,30,0,0,0,0.0,0.0,,0.0
fitrider,126,0,0,0,0.0,0.0,,0.0
fitokosmetik,5,0,0,0,0.0,0.0,,0.0
fitnessbody,4,0,0,0,0.0,0.0,,0.0
fit,261,0,0,0,0.0,0.0,,0.0
fissler,133,0,0,0,0.0,0.0,,0.0
fisherprice,135,0,0,0,0.0,0.0,,0.0
fireball,1,0,0,0,0.0,0.0,,0.0
fipar,1,0,0,0,0.0,0.0,,0.0
filly,3,0,0,0,0.0,0.0,,0.0
fidan,22,0,0,0,0.0,0.0,,0.0
fibos,6,0,0,0,0.0,0.0,,0.0
festina,12,0,0,0,0.0,0.0,,0.0
ferrari,192,0,0,0,0.0,0.0,,0.0
felisatti,55,0,0,0,0.0,0.0,,0.0
feile,2,0,0,0,0.0,0.0,,0.0
federal,27,0,0,0,0.0,0.0,,0.0
fea,19,0,0,0,0.0,0.0,,0.0
faro,7,0,0,0,0.0,0.0,,0.0
farmstay,92,0,0,0,0.0,0.0,,0.0
fanzon,15,0,0,0,0.0,0.0,,0.0
falmec,29,0,0,0,0.0,0.0,,0.0
falken,74,0,0,0,0.0,0.0,,0.0
fais,1,0,0,0,0.0,0.0,,0.0
fagor,41,0,0,0,0.0,0.0,,0.0
face,5,0,0,0,0.0,0.0,,0.0
faber,65,0,0,0,0.0,0.0,,0.0
f-promo,11,0,0,0,0.0,0.0,,0.0
f-power,6,0,0,0,0.0,0.0,,0.0
expromt,256,0,0,0,0.0,0.0,,0.0
expression,20,0,0,0,0.0,0.0,,0.0
expoprint,2,0,0,0,0.0,0.0,,0.0
exogini,1,0,0,0,0.0,0.0,,0.0
ewt,5,0,0,0,0.0,0.0,,0.0
ewa,75,0,0,0,0.0,0.0,,0.0
evrodetal,75,0,0,0,0.0,0.0,,0.0
evriki,4,0,0,0,0.0,0.0,,0.0
everflo,24,0,0,0,0.0,0.0,,0.0
evelinecosmetics,5,0,0,0,0.0,0.0,,0.0
eveline,22,0,0,0,0.0,0.0,,0.0
eurosvet,134,0,0,0,0.0,0.0,,0.0
eurolight,126,0,0,0,0.0,0.0,,0.0
etaltech,55,0,0,0,0.0,0.0,,0.0
esun,25,0,0,0,0.0,0.0,,0.0
espiro,11,0,0,0,0.0,0.0,,0.0
esko,25,0,0,0,0.0,0.0,,0.0
eskar,27,0,0,0,0.0,0.0,,0.0
ermila,44,0,0,0,0.0,0.0,,0.0
erichkrause,10,0,0,0,0.0,0.0,,0.0
ergolux,98,0,0,0,0.0,0.0,,0.0
era,10,0,0,0,0.0,0.0,,0.0
epiphone,45,0,0,0,0.0,0.0,,0.0
epicgear,16,0,0,0,0.0,0.0,,0.0
enya,124,0,0,0,0.0,0.0,,0.0
envision,313,0,0,0,0.0,0.0,,0.0
enlightenbrick,16,0,0,0,0.0,0.0,,0.0
enkor,19,0,0,0,0.0,0.0,,0.0
engy,2,0,0,0,0.0,0.0,,0.0
engenius,163,0,0,0,0.0,0.0,,0.0
energysistem,14,0,0,0,0.0,0.0,,0.0
energybodysystems,16,0,0,0,0.0,0.0,,0.0
emily,6,0,0,0,0.0,0.0,,0.0
emer,150,0,0,0,0.0,0.0,,0.0
emal,58,0,0,0,0.0,0.0,,0.0
eltex,100,0,0,0,0.0,0.0,,0.0
elleci,13,0,0,0,0.0,0.0,,0.0
elite,189,0,0,0,0.0,0.0,,0.0
elaud,220,0,0,0,0.0,0.0,,0.0
eksmo,4,0,0,0,0.0,0.0,,0.0
ekonomia,7,0,0,0,0.0,0.0,,0.0
ekel,5,0,0,0,0.0,0.0,,0.0
eichorn,1,0,0,0,0.0,0.0,,0.0
ehome,63,0,0,0,0.0,0.0,,0.0
egreat,192,0,0,0,0.0,0.0,,0.0
egp,23,0,0,0,0.0,0.0,,0.0
egg,113,0,0,0,0.0,0.0,,0.0
eger,96,0,0,0,0.0,0.0,,0.0
efp,6,0,0,0,0.0,0.0,,0.0
educo,17,0,0,0,0.0,0.0,,0.0
educa,14,0,0,0,0.0,0.0,,0.0
eden,21,0,0,0,0.0,0.0,,0.0
edelman,4,0,0,0,0.0,0.0,,0.0
edelform,20,0,0,0,0.0,0.0,,0.0
ecs,8,0,0,0,0.0,0.0,,0.0
ecologystone,4,0,0,0,0.0,0.0,,0.0
ecolaboratorie,1,0,0,0,0.0,0.0,,0.0
ecler,2,0,0,0,0.0,0.0,,0.0
eaton,14,0,0,0,0.0,0.0,,0.0
easylink,62,0,0,0,0.0,0.0,,0.0
easycamp,119,0,0,0,0.0,0.0,,0.0
e-twow,707,0,0,0,0.0,0.0,,0.0
dynastar,14,0,0,0,0.0,0.0,,0.0
dynafit,63,0,0,0,0.0,0.0,,0.0
dynacord,61,0,0,0,0.0,0.0,,0.0
dyflon,45,1,0,0,0.0,0.022222222222222223,0.0,0.0
duo,372,0,0,0,0.0,0.0,,0.0
dunu,53,0,0,0,0.0,0.0,,0.0
dune,222,0,0,0,0.0,0.0,,0.0
dunavox,41,0,0,0,0.0,0.0,,0.0
dsppa,377,0,0,0,0.0,0.0,,0.0
dsp,96,0,0,0,0.0,0.0,,0.0
drop,1,0,0,0,0.0,0.0,,0.0
drhedison,2,0,0,0,0.0,0.0,,0.0
dreja,4,0,0,0,0.0,0.0,,0.0
dreamwave,174,0,0,0,0.0,0.0,,0.0
dragon-i,4,0,0,0,0.0,0.0,,0.0
dr.jart,93,0,0,0,0.0,0.0,,0.0
dr.hoffman,12,0,0,0,0.0,0.0,,0.0
dowontec,58,0,0,0,0.0,0.0,,0.0
dormeo,1,0,0,0,0.0,0.0,,0.0
dominant-print,15,0,0,0,0.0,0.0,,0.0
domika,8,0,0,0,0.0,0.0,,0.0
domenik,405,0,0,0,0.0,0.0,,0.0
domasnijocag,106,0,0,0,0.0,0.0,,0.0
dogrular,25,0,0,0,0.0,0.0,,0.0
doff,18,0,0,0,0.0,0.0,,0.0
dodo,7,0,0,0,0.0,0.0,,0.0
dobrusskijfarforovyjzavod,271,0,0,0,0.0,0.0,,0.0
dobroparov,2,0,0,0,0.0,0.0,,0.0
dla,11,0,0,0,0.0,0.0,,0.0
dizel,25,0,0,0,0.0,0.0,,0.0
divoom,11,0,0,0,0.0,0.0,,0.0
dirkjebabywear,78,0,0,0,0.0,0.0,,0.0
dilis,31,0,0,0,0.0,0.0,,0.0
didistyle,142,0,0,0,0.0,0.0,,0.0
devar,27,0,0,0,0.0,0.0,,0.0
deton,77,0,0,0,0.0,0.0,,0.0
detomaso,59,0,0,0,0.0,0.0,,0.0
derspur,34,0,0,0,0.0,0.0,,0.0
derevaski,8,0,0,0,0.0,0.0,,0.0
deppa,144,0,0,0,0.0,0.0,,0.0
deoproce,7,0,0,0,0.0,0.0,,0.0
denon,39,0,0,0,0.0,0.0,,0.0
dendy,74,0,0,0,0.0,0.0,,0.0
demark,78,0,0,0,0.0,0.0,,0.0
delma,9,0,0,0,0.0,0.0,,0.0
della,1,0,0,0,0.0,0.0,,0.0
defredesign,12,0,0,0,0.0,0.0,,0.0
defalucy,15,0,0,0,0.0,0.0,,0.0
decora,1,0,0,0,0.0,0.0,,0.0
decocode,160,0,0,0,0.0,0.0,,0.0
daye,39,1,0,0,0.0,0.02564102564102564,0.0,0.0
davita,155,0,0,0,0.0,0.0,,0.0
dariush,79,0,0,0,0.0,0.0,,0.0
dardav,363,0,0,0,0.0,0.0,,0.0
daniel,6,0,0,0,0.0,0.0,,0.0
daneildesch,19,0,0,0,0.0,0.0,,0.0
danau,102,0,0,0,0.0,0.0,,0.0
damixa,22,0,0,0,0.0,0.0,,0.0
damask,81,0,0,0,0.0,0.0,,0.0
dalianhantaitradecoltd,14,0,0,0,0.0,0.0,,0.0
dahua,20,0,0,0,0.0,0.0,,0.0
dahatsu,2,0,0,0,0.0,0.0,,0.0
daewooelectronics,16,0,0,0,0.0,0.0,,0.0
dabo,2,0,0,0,0.0,0.0,,0.0
dab,67,0,0,0,0.0,0.0,,0.0
cybermass,23,0,0,0,0.0,0.0,,0.0
cvgaudio,61,0,0,0,0.0,0.0,,0.0
cubicfun,498,0,0,0,0.0,0.0,,0.0
csmedica,25,0,0,0,0.0,0.0,,0.0
crybabies,45,0,0,0,0.0,0.0,,0.0
crunch,155,0,0,0,0.0,0.0,,0.0
crossstreet,46,0,0,0,0.0,0.0,,0.0
crisa,16,0,0,0,0.0,0.0,,0.0
crest,54,0,0,0,0.0,0.0,,0.0
cressi,3,0,0,0,0.0,0.0,,0.0
creoceramique,7,0,0,0,0.0,0.0,,0.0
creo,37,0,0,0,0.0,0.0,,0.0
creavit,2,0,0,0,0.0,0.0,,0.0
creature,14,0,0,0,0.0,0.0,,0.0
creative,38,0,0,0,0.0,0.0,,0.0
crea,28,0,0,0,0.0,0.0,,0.0
courvoisier,7,0,0,0,0.0,0.0,,0.0
cornerstone,1,0,0,0,0.0,0.0,,0.0
cooperhunter,1,0,0,0,0.0,0.0,,0.0
coolmaster,8,0,0,0,0.0,0.0,,0.0
converse,517,0,0,0,0.0,0.0,,0.0
constantdelight,4,0,0,0,0.0,0.0,,0.0
complimenti,77,0,0,0,0.0,0.0,,0.0
comma,462,0,0,0,0.0,0.0,,0.0
comfort,204,0,0,0,0.0,0.0,,0.0
colorway,9,0,0,0,0.0,0.0,,0.0
coloma,9,0,0,0,0.0,0.0,,0.0
colgate,291,6,0,0,0.0,0.020618556701030927,0.0,0.0
coghlans,30,0,0,0,0.0,0.0,,0.0
cocoonababy,11,0,0,0,0.0,0.0,,0.0
cobi,412,0,0,0,0.0,0.0,,0.0
cobat,1,0,0,0,0.0,0.0,,0.0
cmt,47,0,0,0,0.0,0.0,,0.0
climadiff,128,0,0,0,0.0,0.0,,0.0
clever,134,0,0,0,0.0,0.0,,0.0
clevan,3,0,0,0,0.0,0.0,,0.0
clasy,29,0,0,0,0.0,0.0,,0.0
classen,210,0,0,0,0.0,0.0,,0.0
citycolor,2,0,0,0,0.0,0.0,,0.0
citilux,80,0,0,0,0.0,0.0,,0.0
cilek,2,0,0,0,0.0,0.0,,0.0
ciaobimbi,10,0,0,0,0.0,0.0,,0.0
chuggington,62,0,0,0,0.0,0.0,,0.0
chub,63,0,0,0,0.0,0.0,,0.0
chopard,335,0,0,0,0.0,0.0,,0.0
chomik,8,0,0,0,0.0,0.0,,0.0
chingching,11,0,0,0,0.0,0.0,,0.0
childhome,248,0,0,0,0.0,0.0,,0.0
chic,17,0,0,0,0.0,0.0,,0.0
chenri,26,0,0,0,0.0,0.0,,0.0
chariots,42,0,0,0,0.0,0.0,,0.0
champion,43,0,0,0,0.0,0.0,,0.0
chairman,265,0,0,0,0.0,0.0,,0.0
ceriotti,14,0,0,0,0.0,0.0,,0.0
ceresit,13,0,0,0,0.0,0.0,,0.0
celebrat,5,0,0,0,0.0,0.0,,0.0
ceinio,39,0,0,0,0.0,0.0,,0.0
cavanova,158,0,0,0,0.0,0.0,,0.0
cata,257,0,0,0,0.0,0.0,,0.0
castelgarden,7,0,0,0,0.0,0.0,,0.0
casta,17,0,0,0,0.0,0.0,,0.0
casamorati,11,0,0,0,0.0,0.0,,0.0
cars,56,0,0,0,0.0,0.0,,0.0
carrera,90,0,0,0,0.0,0.0,,0.0
carpet,46,0,0,0,0.0,0.0,,0.0
carmani,108,0,0,0,0.0,0.0,,0.0
carlsbro,31,0,0,0,0.0,0.0,,0.0
cardrox,2,0,0,0,0.0,0.0,,0.0
carcam,29,0,0,0,0.0,0.0,,0.0
capline,4,0,0,0,0.0,0.0,,0.0
capanni,2,0,0,0,0.0,0.0,,0.0
canton,9,0,0,0,0.0,0.0,,0.0
candide,283,0,0,0,0.0,0.0,,0.0
camshel,54,0,0,0,0.0,0.0,,0.0
camptown,119,0,0,0,0.0,0.0,,0.0
campinggaz,61,0,0,0,0.0,0.0,,0.0
cameo,159,0,0,0,0.0,0.0,,0.0
camelion,63,0,0,0,0.0,0.0,,0.0
cam,297,1,0,0,0.0,0.003367003367003367,0.0,0.0
calypso,93,0,0,0,0.0,0.0,,0.0
calvinklein,46,0,0,0,0.0,0.0,,0.0
calligrata,206,0,0,0,0.0,0.0,,0.0
callida,95,0,0,0,0.0,0.0,,0.0
calgaro,308,0,0,0,0.0,0.0,,0.0
caiman,44,0,0,0,0.0,0.0,,0.0
cailyn,138,0,0,0,0.0,0.0,,0.0
cadillac,11,0,0,0,0.0,0.0,,0.0
bwt,44,0,0,0,0.0,0.0,,0.0
bws,99,0,0,0,0.0,0.0,,0.0
bwell,14,0,0,0,0.0,0.0,,0.0
bulova,97,0,0,0,0.0,0.0,,0.0
bugatti,760,0,0,0,0.0,0.0,,0.0
buffalo,141,0,0,0,0.0,0.0,,0.0
bubble,2,0,0,0,0.0,0.0,,0.0
btwin,1,0,0,0,0.0,0.0,,0.0
briverre,18,0,0,0,0.0,0.0,,0.0
britop,6,0,0,0,0.0,0.0,,0.0
brita,57,1,0,0,0.0,0.017543859649122806,0.0,0.0
bresser,688,0,0,0,0.0,0.0,,0.0
braumauto,39,0,0,0,0.0,0.0,,0.0
brauberg,6,0,0,0,0.0,0.0,,0.0
brain,10,0,0,0,0.0,0.0,,0.0
bra,79,0,0,0,0.0,0.0,,0.0
bozhi,3,0,0,0,0.0,0.0,,0.0
botticelli,6,0,0,0,0.0,0.0,,0.0
bossh,10,0,0,0,0.0,0.0,,0.0
bosnic,10,0,0,0,0.0,0.0,,0.0
borovici,45,0,0,0,0.0,0.0,,0.0
bonvini,63,0,0,0,0.0,0.0,,0.0
bondibon,2,0,0,0,0.0,0.0,,0.0
bond,27,0,0,0,0.0,0.0,,0.0
bona,201,0,0,0,0.0,0.0,,0.0
bompani,75,0,0,0,0.0,0.0,,0.0
bombora,1,0,0,0,0.0,0.0,,0.0
bomberg,119,0,0,0,0.0,0.0,,0.0
bomann,1,0,0,0,0.0,0.0,,0.0
bohmann,4,0,0,0,0.0,0.0,,0.0
bohemian,124,0,0,0,0.0,0.0,,0.0
bogates,37,0,0,0,0.0,0.0,,0.0
bodysculpture,25,0,0,0,0.0,0.0,,0.0
bodykraft,1,0,0,0,0.0,0.0,,0.0
body-solid,157,0,0,0,0.0,0.0,,0.0
boarteks,2,0,0,0,0.0,0.0,,0.0
blw,27,0,0,0,0.0,0.0,,0.0
blueseven,347,0,0,0,0.0,0.0,,0.0
blg,28,0,0,0,0.0,0.0,,0.0
blaumann,72,0,0,0,0.0,0.0,,0.0
blaster,14,0,0,0,0.0,0.0,,0.0
blackmores,137,2,0,0,0.0,0.014598540145985401,0.0,0.0
blackdecker,65,0,0,0,0.0,0.0,,0.0
blackbox,11,0,0,0,0.0,0.0,,0.0
bkf,115,0,0,0,0.0,0.0,,0.0
biwec,662,0,0,0,0.0,0.0,,0.0
birusa,20,0,0,0,0.0,0.0,,0.0
bioline,3,0,0,0,0.0,0.0,,0.0
biolane,169,0,0,0,0.0,0.0,,0.0
biol,5,0,0,0,0.0,0.0,,0.0
binatone,56,0,0,0,0.0,0.0,,0.0
billi,101,2,0,0,0.0,0.019801980198019802,0.0,0.0
bigben,53,0,0,0,0.0,0.0,,0.0
biemmedue,45,0,0,0,0.0,0.0,,0.0
biema,113,0,0,0,0.0,0.0,,0.0
bfz,52,0,0,0,0.0,0.0,,0.0
beyblade,29,1,0,0,0.0,0.034482758620689655,0.0,0.0
best,5,0,0,0,0.0,0.0,,0.0
berger,103,0,0,0,0.0,0.0,,0.0
bergauf,49,0,0,0,0.0,0.0,,0.0
benq,158,0,0,0,0.0,0.0,,0.0
belletti,39,0,0,0,0.0,0.0,,0.0
belka,24,0,0,0,0.0,0.0,,0.0
belis,7,0,0,0,0.0,0.0,,0.0
belavtokomplekt,1,0,0,0,0.0,0.0,,0.0
belaakalitva,15,0,0,0,0.0,0.0,,0.0
bela,361,0,0,0,0.0,0.0,,0.0
beijing,54,0,0,0,0.0,0.0,,0.0
beanzeez,22,0,0,0,0.0,0.0,,0.0
beaba,33,0,0,0,0.0,0.0,,0.0
bazhou,351,0,0,0,0.0,0.0,,0.0
baymak,5,0,0,0,0.0,0.0,,0.0
bayerlux,19,0,0,0,0.0,0.0,,0.0
bayer,25,0,0,0,0.0,0.0,,0.0
baudet,139,0,0,0,0.0,0.0,,0.0
battat,15,0,0,0,0.0,0.0,,0.0
batman,7,0,0,0,0.0,0.0,,0.0
batiste,10,0,0,0,0.0,0.0,,0.0
basilico,13,0,0,0,0.0,0.0,,0.0
basf,48,0,0,0,0.0,0.0,,0.0
baseus,4,0,0,0,0.0,0.0,,0.0
basaran,110,0,0,0,0.0,0.0,,0.0
barum,7,0,0,0,0.0,0.0,,0.0
bartplast,3,0,0,0,0.0,0.0,,0.0
barhatnyjsezon,2,0,0,0,0.0,0.0,,0.0
bandai,93,0,0,0,0.0,0.0,,0.0
banbao,135,0,0,0,0.0,0.0,,0.0
balmain,414,0,0,0,0.0,0.0,,0.0
ballist-x,4,0,0,0,0.0,0.0,,0.0
bakugan,47,0,0,0,0.0,0.0,,0.0
bair,10,0,0,0,0.0,0.0,,0.0
babyswing,24,0,0,0,0.0,0.0,,0.0
babylock,821,0,0,0,0.0,0.0,,0.0
babycarrier,2,0,0,0,0.0,0.0,,0.0
baby,30,0,0,0,0.0,0.0,,0.0
b-kids,10,0,0,0,0.0,0.0,,0.0
azbuka,4,0,0,0,0.0,0.0,,0.0
avrora,1,0,0,0,0.0,0.0,,0.0
avina,36,0,0,0,0.0,0.0,,0.0
avermedia,39,0,0,0,0.0,0.0,,0.0
avengers,38,0,0,0,0.0,0.0,,0.0
avatyre,8,0,0,0,0.0,0.0,,0.0
avaloncarpet,31,0,0,0,0.0,0.0,,0.0
aux,49,0,0,0,0.0,0.0,,0.0
aufine,1,0,0,0,0.0,0.0,,0.0
audiotop,8,0,0,0,0.0,0.0,,0.0
ats,887,0,0,0,0.0,0.0,,0.0
aton,8,0,0,0,0.0,0.0,,0.0
atoll,25,0,0,0,0.0,0.0,,0.0
atkinsons,3,0,0,0,0.0,0.0,,0.0
aten,112,0,0,0,0.0,0.0,,0.0
ateliero,8,0,0,0,0.0,0.0,,0.0
asustor,86,0,0,0,0.0,0.0,,0.0
astrid,58,0,0,0,0.0,0.0,,0.0
ast,17,0,0,0,0.0,0.0,,0.0
ashleyfurniture,1,0,0,0,0.0,0.0,,0.0
ascoli,7,0,0,0,0.0,0.0,,0.0
asb,3,0,0,0,0.0,0.0,,0.0
arwanan,4,0,0,0,0.0,0.0,,0.0
arturia,54,0,0,0,0.0,0.0,,0.0
artspace,6,0,0,0,0.0,0.0,,0.0
artplays,4,0,0,0,0.0,0.0,,0.0
artiny,6,0,0,0,0.0,0.0,,0.0
arteolfatto,19,0,0,0,0.0,0.0,,0.0
armytek,5,0,0,0,0.0,0.0,,0.0
arms,54,0,0,0,0.0,0.0,,0.0
ark,40,0,0,0,0.0,0.0,,0.0
ardoni,40,0,0,0,0.0,0.0,,0.0
ardo,9,0,0,0,0.0,0.0,,0.0
ardesia,301,0,0,0,0.0,0.0,,0.0
arcancilparis,1,0,0,0,0.0,0.0,,0.0
aquilon,17,0,0,0,0.0,0.0,,0.0
aquavis,167,0,0,0,0.0,0.0,,0.0
aquaverso,14,0,0,0,0.0,0.0,,0.0
aquaton,7,0,0,0,0.0,0.0,,0.0
aquatic,298,0,0,0,0.0,0.0,,0.0
aquarelle,2,0,0,0,0.0,0.0,,0.0
aquanet,2,0,0,0,0.0,0.0,,0.0
aqualife,18,0,0,0,0.0,0.0,,0.0
apex,128,0,0,0,0.0,0.0,,0.0
apart,136,0,0,0,0.0,0.0,,0.0
antec,17,0,0,0,0.0,0.0,,0.0
anreks,13,0,0,0,0.0,0.0,,0.0
annovireverberi,6,0,0,0,0.0,0.0,,0.0
anesi,30,0,0,0,0.0,0.0,,0.0
andromeda,4,0,0,0,0.0,0.0,,0.0
andrea,1,0,0,0,0.0,0.0,,0.0
and,1,0,0,0,0.0,0.0,,0.0
ampm,2,0,0,0,0.0,0.0,,0.0
ampeg,34,0,0,0,0.0,0.0,,0.0
amigami,60,0,0,0,0.0,0.0,,0.0
amico,7,0,0,0,0.0,0.0,,0.0
amf,42,0,0,0,0.0,0.0,,0.0
amet,6,0,0,0,0.0,0.0,,0.0
amercook,2,0,0,0,0.0,0.0,,0.0
amefa,121,5,0,0,0.0,0.04132231404958678,0.0,0.0
amarobaby,46,0,0,0,0.0,0.0,,0.0
am-pm,1,0,0,0,0.0,0.0,,0.0
alvarez,16,0,0,0,0.0,0.0,,0.0
alterna,76,0,0,0,0.0,0.0,,0.0
altacto,38,0,0,0,0.0,0.0,,0.0
alondra,36,0,0,0,0.0,0.0,,0.0
almada,35,0,0,0,0.0,0.0,,0.0
allvega,252,1,0,0,0.0,0.003968253968253968,0.0,0.0
alinex,81,0,0,0,0.0,0.0,,0.0
alfa,54,0,0,0,0.0,0.0,,0.0
alexrojo,14,0,0,0,0.0,0.0,,0.0
alexika,278,0,0,0,0.0,0.0,,0.0
alex,115,0,0,0,0.0,0.0,,0.0
aletant,4,0,0,0,0.0,0.0,,0.0
aldit,22,0,0,0,0.0,0.0,,0.0
alctron,226,0,0,0,0.0,0.0,,0.0
alavann,91,0,0,0,0.0,0.0,,0.0
alaskaoriginale,7,0,0,0,0.0,0.0,,0.0
aladen,8,0,0,0,0.0,0.0,,0.0
akvarel,40,0,0,0,0.0,0.0,,0.0
akvalinia,1,0,0,0,0.0,0.0,,0.0
akvafor,16,0,0,0,0.0,0.0,,0.0
aksion,22,0,0,0,0.0,0.0,,0.0
akor,5,0,0,0,0.0,0.0,,0.0
ajmal,13,0,0,0,0.0,0.0,,0.0
aivengo,1763,0,0,0,0.0,0.0,,0.0
airmax,28,0,0,0,0.0,0.0,,0.0
aileron,128,0,0,0,0.0,0.0,,0.0
aiken,37,0,0,0,0.0,0.0,,0.0
agrimotor,18,0,0,0,0.0,0.0,,0.0
agatharuizdelaprada,169,0,0,0,0.0,0.0,,0.0
ag,335,0,0,0,0.0,0.0,,0.0
aerosystem,228,1,0,0,0.0,0.0043859649122807015,0.0,0.0
adrilux,1,0,0,0,0.0,0.0,,0.0
adel,17,0,0,0,0.0,0.0,,0.0
action,3,0,0,0,0.0,0.0,,0.0
acorp,1,0,0,0,0.0,0.0,,0.0
aces,146,0,0,0,0.0,0.0,,0.0
acebeam,17,0,0,0,0.0,0.0,,0.0
acd,27,0,0,0,0.0,0.0,,0.0
accumaster,22,0,0,0,0.0,0.0,,0.0
accord,56,0,0,0,0.0,0.0,,0.0
academie,35,0,0,0,0.0,0.0,,0.0
aardwolf,20,0,0,0,0.0,0.0,,0.0
a-elita,127,0,0,0,0.0,0.0,,0.0
